"id","uuid","name","enname","starttime","endtime","location","description","ENdescription","gender","follower","friends","weibos"
"2708476577","2708476577","æ¸¯é—»é€Ÿé€’","Hong Kong News Express","Sat Feb 01 20:21:15 CET 2020","Sat Feb 01 20:21:15 CET 2020","Province: 81 City: 1 Location: é¦™æ¸¯ å…¶ä»–","ç¦è¨€14å¤©ï¼Œç”¨ @æ¸¯é—»æ¸¯è¯­ æ›´æ–°","Ban for 14 days, updated in the words of Hong Kong","m","110360.0","564.0","4522.0"
"6389419854","6389419854","çˆ±å›½æ–‡é’","Patriotic Wenqing","Sat Feb 01 20:28:26 CET 2020","Sat Feb 01 20:28:26 CET 2020","Province: 33 City: 1000 Location: æµ™æ±Ÿ","çˆ±ä¸­å›½çˆ±é¦™æ¸¯ï¼Œæ”¯æŒé¦™æ¸¯è­¦å¯Ÿ","Love China Loves Hong Kong, Supports Hong Kong Police","m","162383.0","172.0","30520.0"
"5539094363","5539094363","è…¥é—»äºº","Smells of People","Sat Feb 01 20:28:26 CET 2020","Sat Feb 01 20:28:26 CET 2020","Province: 44 City: 1000 Location: å¹¿ä¸œ","å¯»ç€è…¥å‘³åˆ°å¤„é—»","Looking for smelleverywhere","m","1562617.0","245.0","11948.0"
"7291169635","7291169635","æˆ‘æ˜¯é¦™æ¸¯è­¦å«‚","I'm a Hong Kong police officer.","Sat Feb 01 20:21:59 CET 2020","Sat Feb 01 20:21:59 CET 2020","Province: 81 City: 1000 Location: é¦™æ¸¯","æˆ‘å€‘æ˜¯é¦™æ¸¯è­¦å«‚ï¼Œæˆ‘å€‘æœ‰è©±è¦èªªã€‚","We are the Hong Kong Police, and we have something to say.","f","280243.0","538.0","2709.0"
"3488787807","3488787807","æœ€æ–°çƒ­ç‚¹","Latest Hotspots","Sat Feb 01 20:28:26 CET 2020","Sat Feb 01 20:28:26 CET 2020","Province: 11 City: 1000 Location: åŒ—äº¬","","","m","168325.0","1177.0","16148.0"
"5347537335","5347537335","7ç»´è§†è§’","7D Perspective","Sat Feb 01 20:28:26 CET 2020","Sat Feb 01 20:28:26 CET 2020","Province: 100 City: 1000 Location: å…¶ä»–","å‘ç€ç†æƒ³é£å¥”","Run towards the ideal","m","656918.0","751.0","21602.0"
"1689283487","1689283487","dtdd100","dtdd100","Sat Feb 01 20:28:27 CET 2020","Sat Feb 01 20:28:27 CET 2020","Province: 33 City: 1 Location: æµ™æ±Ÿ æ­å·","petite ï½ï½","small","f","637.0","974.0","2171.0"
"6011391162","6011391162","æ›æ–™ä¸€å“¥","Exposed one brother","Sat Feb 01 20:28:27 CET 2020","Sat Feb 01 20:28:27 CET 2020","Province: 400 City: 1000 Location: æµ·å¤–","ä½ æ•¢çˆ†ï¼æˆ‘å°±æ•¢å‘ï¼æ›å…‰äº‹å®ï¼Œè¿˜åŸçœŸç›¸ï¼Œä¸€ä¸ªæœ‰æ¸©åº¦çš„è§†é¢‘è‡ªåª’ä½“","You dare to blow it up! I'll dare to send it! Expose facts, restore the truth, a video with temperature from the media","m","1512971.0","977.0","6799.0"
"1784091111","1784091111","é¥¼é¥¼82","Pie 82","Sat Feb 01 20:25:40 CET 2020","Sat Feb 01 20:25:40 CET 2020","Province: 44 City: 7 Location: å¹¿ä¸œ æ±Ÿé—¨","","","m","498.0","640.0","11.0"
"5320929704","5320929704","å¼€å¿ƒä¹å›­ä¹","Happy Paradise","Sat Feb 01 20:25:07 CET 2020","Sat Feb 01 20:25:07 CET 2020","Province: 100 City: 1000 Location: å…¶ä»–","","","f","200.0","154.0","100.0"
"1831345343","1831345343","ç§»åŠ¨çš„åŸå ¡XC","Mobile Castle XC","Sat Feb 01 20:23:34 CET 2020","Sat Feb 01 20:23:34 CET 2020","Province: 32 City: 1 Location: æ±Ÿè‹ å—äº¬","æ€»æƒ³ç€ä¸€åœºè¯´èµ°å°±èµ°çš„æ—…è¡Œ","Always thinking of a trip to say walk-and-go","f","125.0","550.0","277.0"
"7207821087","7207821087","Netheleshu","Netheleshu","Sat Feb 01 20:22:36 CET 2020","Sat Feb 01 20:22:36 CET 2020","Province: 31 City: 1000 Location: ä¸Šæµ·","","","m","7.0","122.0","12.0"
"1783685724","1783685724","ç²‰æ¡ç‚–å†¬ç“œ","Powdered winter melon stew","Sat Feb 01 20:27:26 CET 2020","Sat Feb 01 20:27:26 CET 2020","Province: 37 City: 15 Location: å±±ä¸œ èŠåŸ","æµæµªåœ°çƒ","Wandering the Earth","f","1801.0","308.0","44321.0"
"6346587829","6346587829","å…¶å®XT5æ ¹æœ¬ä¸æ‡‚SRX","Actually, xt5 doesn't understand SRX at all.","Sat Feb 01 20:26:29 CET 2020","Sat Feb 01 20:26:29 CET 2020","Province: 15 City: 7 Location: å†…è’™å¤ å‘¼ä¼¦è´å°”","æŠŠè‡ªå·±å…³ä¹…äº†ï¼Œå‘ç°å¤–é¢çš„äººè¿›ä¸æ¥ï¼Œé‡Œé¢çš„äººå‡ºä¸å»ï¼Œæˆ‘åªæƒ³ç­‰ä½ â€¦â€¦","Shut themselves up for a long time, found outside people can not come in, inside the people can not go out, I just want to wait for you ...","m","25.0","143.0","33.0"
"1876455780","1876455780","æ²™èing","Sasha ing","Sat Feb 01 20:26:30 CET 2020","Sat Feb 01 20:26:30 CET 2020","Province: 100 City: 1000 Location: å…¶ä»–","è‡ªç”± æ˜äº®","Free, bright","f","874.0","616.0","4089.0"
"5619521843","5619521843","é™¶ç„¶å±…28966","Tao Ranju28966","Sat Feb 01 20:25:56 CET 2020","Sat Feb 01 20:25:56 CET 2020","Province: 100 City: 1000 Location: å…¶ä»–","","","m","319.0","124.0","7.0"
"1831738031","1831738031","æ³¥å¨ƒå¨ƒwy9999","Mud Doll wy9999","Sat Feb 01 20:24:54 CET 2020","Sat Feb 01 20:24:54 CET 2020","Province: 100 City: 1000 Location: å…¶ä»–","","","m","32.0","584.0","551.0"
"1018804492","1018804492","Zhaæµªå¿«ç‚¹å€’é—­","Zha Wave closes down soon","Sat Feb 01 20:24:02 CET 2020","Sat Feb 01 20:24:02 CET 2020","Province: 44 City: 3 Location: å¹¿ä¸œ æ·±åœ³","ğ™ƒğ™¤ğ™£ğ™œ ğ™†ğ™¤ğ™£ğ™œ ğ™ğ™¨ ğ™¥ğ™–ğ™§ğ™© ğ™¤ğ™› ğ˜¾ğ™ğ™ğ™£ğ™– ğ™›ğ™¤ğ™§ğ™šğ™«ğ™šğ™§ğŸ‡¨ğŸ‡³","ğ™ƒğ™¤ğ™£ğ™œ ğ™†ğ™¤ğ™£ğ™œ ğ™ğ™¨ ğ™¥ğ™–ğ™§ğ™© ğ™¤ğ™› ğ˜¾ğ™ğ™ğ™£ğ™– ğ™›ğ™¤ğ™§ğ™šğ™«ğ™šğ™§ğŸ‡¨ğŸ‡³","m","587.0","370.0","2859.0"
"5274878586","5274878586","Careyneversleepy","Careyneversleepy","Sat Feb 01 20:23:47 CET 2020","Sat Feb 01 20:23:47 CET 2020","Province: 34 City: 1000 Location: å®‰å¾½","ğŸŒ²è¿·","ğŸŒ² fans","m","194.0","118.0","107.0"
"1820835477","1820835477","Underground-girl","Underground-girl","Sat Feb 01 20:23:42 CET 2020","Sat Feb 01 20:23:42 CET 2020","Province: 50 City: 12 Location: é‡åº† æ¸åŒ—åŒº","ğŸŒµæˆ‘æ˜¯äººé—´æƒ†æ€…å®¢ğŸŒµ","ğŸŒµ I'm a human guestğŸŒµ","f","566.0","573.0","724.0"
"2451316241","2451316241","ä¸€å¦‚æœè¿˜æœ‰å¦‚æœçš„è¯ä¸€","One if there's one if","Sat Feb 01 20:23:23 CET 2020","Sat Feb 01 20:23:23 CET 2020","Province: 42 City: 1000 Location: æ¹–åŒ—","å¯¹äºéé…‹æ¥è¯´ï¼Œé”¦é²¤ä¹Ÿæ²¡ä»€ä¹ˆç”¨","Koi is no use for non-emirates.","f","143.0","603.0","1218.0"
"2091180802","2091180802","ä¸‡äº‹çš†å‘½æ•°","Everything's dead.","Sat Feb 01 20:23:16 CET 2020","Sat Feb 01 20:23:16 CET 2020","Province: 33 City: 3 Location: æµ™æ±Ÿ æ¸©å·","è¨€å¤šå¿…å¤±","Words must be lost","m","411.0","316.0","1506.0"
"1007664463","1007664463","éƒ‘ç»å¹³","Zheng Shaoping","Sat Feb 01 20:22:00 CET 2020","Sat Feb 01 20:22:00 CET 2020","Province: 100 City: 1000 Location: å…¶ä»–","","","m","85.0","72.0","429.0"
"6090589244","6090589244","WYATT442311","WYATT442311","Sat Feb 01 20:21:44 CET 2020","Sat Feb 01 20:21:44 CET 2020","Province: 44 City: 1000 Location: å¹¿ä¸œ","é»„ç‚¹","Yellow dot","m","183.0","1759.0","11.0"
"5409525511","5409525511","ç²¥å…„å’¯","Porridge brother.","Sat Feb 01 20:20:02 CET 2020","Sat Feb 01 20:20:02 CET 2020","Province: 44 City: 5 Location: å¹¿ä¸œ æ±•å¤´","åŠ æ²¹ åŠ æ²¹ åŠ æ²¹ æˆ‘æœ€æ£’çš„ã€‚","Come on, come on, come on, i'm the best.","m","24624.0","134.0","59.0"
"6605589456","6605589456","é¥¿A0260","Hungry A0260","Sat Feb 01 20:11:07 CET 2020","Sat Feb 01 20:11:07 CET 2020","Province: 11 City: 8 Location: åŒ—äº¬ æµ·æ·€åŒº","åˆ«åœ¨ç½‘ä¸Šå“”å“”èµ–èµ–","Don't beep online.","m","25.0","38.0","89.0"
"2216126991","2216126991","summerå‘æ—¥","summer to the day","Sat Feb 01 20:20:28 CET 2020","Sat Feb 01 20:20:28 CET 2020","Province: 44 City: 1 Location: å¹¿ä¸œ å¹¿å·","","","m","117.0","392.0","558.0"
"6247416312","6247416312","å°çˆ·çš„åŠäº©èŠ±ç³–","Half an acre of sugar.","Sat Feb 01 20:10:33 CET 2020","Sat Feb 01 20:10:33 CET 2020","Province: 100 City: 1000 Location: å…¶ä»–","ä¸å–é…’ã€‚","Don't drink.","f","475.0","1560.0","734.0"
"7059355434","7059355434","å¡èœœå§å§","Sister Kami","Sat Feb 01 19:32:46 CET 2020","Sat Feb 01 19:32:46 CET 2020","Province: 31 City: 1000 Location: ä¸Šæµ·","å¤´åƒå³æœ¬äººï¼Œæ­¤å·ä¸ºğŸº","The avatar is the person, this number is ğŸº","f","21.0","56.0","658.0"
"1780988017","1780988017","æ— æ±‚æ— æ¬²ä¸ªç”š","No desire, no desire, no desire, no, no, no, no, no, no","Sat Feb 01 20:18:12 CET 2020","Sat Feb 01 20:18:12 CET 2020","Province: 35 City: 5 Location: ç¦å»º æ³‰å·","~æ— å¯æ— ä¸å¯","There's nothing to be without.","f","572.0","2417.0","16466.0"
"2143412703","2143412703","é˜¿ç‹¸æœ€è¿‘å¾ˆçƒ¦èº","Beaver's been upset lately.","Sat Feb 01 20:27:40 CET 2020","Sat Feb 01 20:27:40 CET 2020","Province: 33 City: 1 Location: æµ™æ±Ÿ æ­å·","","","f","407.0","1008.0","8165.0"
"1636467934","1636467934","å°å€©_Selena","Xiao Yu_Selena","Sat Feb 01 20:26:49 CET 2020","Sat Feb 01 20:26:49 CET 2020","Province: 44 City: 1 Location: å¹¿ä¸œ å¹¿å·","å¸Œæœ›æˆ‘æœ‰ä¸ªå¿«ä¹å°±å¥½çš„äººç”Ÿï¼","I hope I have a happy life!","f","273.0","298.0","3895.0"
"1709378055","1709378055","ä»Šå¤©ä¹Ÿå€¼å¾—åŠªåŠ›","It's worth the effort today.","Sat Feb 01 20:26:17 CET 2020","Sat Feb 01 20:26:17 CET 2020","Province: 44 City: 4 Location: å¹¿ä¸œ ç æµ·","å½“æˆ‘ä»¬æ„Ÿåˆ°å¹¸ç¦çš„æ—¶å€™ï¼Œä½•å¿…å»æƒ³è¿™å¹¸ç¦æ˜¯æ°¸æ’çš„ï¼Œè¿˜æ˜¯æš‚æ—¶çš„ã€‚å¿§è™‘ï¼Œæ˜¯å¹¸ç¦æœ€å¤§çš„æ•Œäººã€‚","When we feel happy, why think that this happiness is eternal, but also temporary. Anxiety is the greatest enemy of happiness.","m","114.0","216.0","523.0"
"5766632268","5766632268","quwahei_çˆ±","love quwahei_","Sat Feb 01 20:21:19 CET 2020","Sat Feb 01 20:21:19 CET 2020","Province: 33 City: 1000 Location: æµ™æ±Ÿ","æˆ‘è¦ç˜¦ã€ç˜¦ã€ç˜¦ï¼","I want to be thin, thin, thin!","f","79.0","371.0","499.0"
"2694607801","2694607801","SILENCEåƒç“œ","SILENCE Eats Melons","Sat Feb 01 20:19:24 CET 2020","Sat Feb 01 20:19:24 CET 2020","Province: 44 City: 1 Location: å¹¿ä¸œ å¹¿å·","","","f","99.0","242.0","339.0"
"6294358614","6294358614","ç¾ä¸½å²›å²›ä¸»","Beautiful Island Owner","Sat Feb 01 20:19:14 CET 2020","Sat Feb 01 20:19:14 CET 2020","Province: 100 City: 1000 Location: å…¶ä»–","","","m","26.0","184.0","17.0"
"1682549991","1682549991","F35å–œå¤šç‹¼","F35 Magpies","Sat Feb 01 20:17:47 CET 2020","Sat Feb 01 20:17:47 CET 2020","Province: 44 City: 53 Location: å¹¿ä¸œ äº‘æµ®","å¸Œæœ›ä¸­ä¸œåœ°åŒºæ²¡æœ‰æˆ˜äº‰ï¼Œä¸œéæ²¡æœ‰ç²®é£Ÿé¥¥é¥¿ï¼Œä¸­å›½æ²¡æœ‰åœ°éœ‡ï¼Œæ—¥æœ¬æ²¡æœ‰å†›å›½ä¸»ä¹‰ï¼Œæœé²œæ²¡æœ‰ç‹¬è£ã€‚ã€‚ã€‚","Hope there is no war in the Middle East, no food hunger in East Africa, no earthquake in China, no militarism in Japan, no dictatorship in North Korea...","m","57.0","38.0","20.0"
"1220562903","1220562903","æ²ˆæ¶›","Shen Tao","Sat Feb 01 20:17:31 CET 2020","Sat Feb 01 20:17:31 CET 2020","Province: 31 City: 1000 Location: ä¸Šæµ·","é¤é¥®ç¾é£Ÿé¡¾é—® ï½œ æ—¶äº‹è¯„è®ºæ˜¯ä¸šä½™çˆ±å¥½","Food and Beverage Advisors - Current Affairs Reviews Are Hobbies","m","312580.0","1002.0","16287.0"
"1877329162","1877329162","æŸ˜æ¹–æ™Ÿ","Lake Lake","Sat Feb 01 20:17:25 CET 2020","Sat Feb 01 20:17:25 CET 2020","Province: 400 City: 1000 Location: æµ·å¤–","","","m","1719.0","580.0","1302.0"
"1698686063","1698686063","è´°é›¶å£¹ä¼çš„å¾®ç¬‘","The smile of the zero-odd","Sat Feb 01 20:16:52 CET 2020","Sat Feb 01 20:16:52 CET 2020","Province: 32 City: 1 Location: æ±Ÿè‹ å—äº¬","è¯¥æ­»çš„äººï¼æ²¡æ•°å—ï¼Ÿï¼ï¼æ¥å§æŒ‡å®šæ­»æ³•ï¼","Damn it! No numbers?!! Come on, specify the death method!","f","1825.0","698.0","2042.0"
"3173997362","3173997362","BeLlainJuly","BeLlainJuly","Sat Feb 01 20:16:40 CET 2020","Sat Feb 01 20:16:40 CET 2020","Province: 100 City: 1000 Location: å…¶ä»–","é€™æ˜¯å€‹äººåšï¼æ²’ç”šéº¼å€¼å¾—ä½ æ³¨æ„çš„ï½è«‹ç¹é“ï¼","It's a personal bo! There's nothing worth noting, please take a detour!","f","3187.0","728.0","160.0"
"2514780962","2514780962","ä¸ƒç±³SE7EN","Seven m SE7EN","Sat Feb 01 20:27:52 CET 2020","Sat Feb 01 20:27:52 CET 2020","Province: 32 City: 1 Location: æ±Ÿè‹ å—äº¬","åªå¥½è‰²ï¼Œä¸èŠ±å¿ƒã€‚è¯´è„è¯ï¼Œä¸éª‚äººã€‚è€æµæ°“ï¼Œæ‡‚ç¤¼è²Œã€‚ä¸è£…é€¼ï¼Œä¸çŠ¯è´±ã€‚ä¸å‘éªšï¼Œä¼šæ”¾ç”µã€‚ä¸è¯´ç‹ è¯ï¼Œä¸åšè½¯äº‹ï¼æ´»åœ¨å½“ä¸‹ï¼Œé¡ºå…¶è‡ªç„¶ï¼","Have to color, do not spend heart. Say dirty words, don't swear. Play hooligans and be polite. Don't pretend, don't make a slut. If you don't get angry, it will discharge. Don't say tough words, don't do soft things! Live in the present, let it go!","m","1674.0","327.0","8765.0"
"6026228932","6026228932","æµå²©16","Flow Rock 16","Sat Feb 01 20:25:42 CET 2020","Sat Feb 01 20:25:42 CET 2020","Province: 62 City: 1 Location: ç”˜è‚ƒ å…°å·","åŠªåŠ›ä¸€ç‚¹ï¼Œå†åŠªåŠ›ä¸€ç‚¹","Try a little, try a little harder.","m","129.0","125.0","296.0"
"1669680103","1669680103","WENGER-OUT","WENGER-OUT","Sat Feb 01 20:22:44 CET 2020","Sat Feb 01 20:22:44 CET 2020","Province: 32 City: 1000 Location: æ±Ÿè‹","å¾®åšä½æ™ºã€å¼ å£å°±æ¥ã€æç«¯æ€ç»´","Micro-blog low-minded, Zhangkou to come, extreme thinking","f","154.0","118.0","287.0"
"1659249031","1659249031","PMä¹‹ç¥","PM God","Sat Feb 01 20:22:33 CET 2020","Sat Feb 01 20:22:33 CET 2020","Province: 11 City: 8 Location: åŒ—äº¬ æµ·æ·€åŒº","å…¶å®ï¼Œæˆ‘æ˜¯è¢«é€¼çš„~","Actually, I was forced to","m","519.0","307.0","472.0"
"7270393876","7270393876","æš—å¤œè€è™","Night Tiger","Sat Feb 01 20:21:44 CET 2020","Sat Feb 01 20:21:44 CET 2020","Province: 62 City: 1 Location: ç”˜è‚ƒ å…°å·","ä¸­å›½é™†å†›é›ªæ«æ—…","Chinese Army Snow Maple Brigade","m","307.0","256.0","93.0"
"1757984847","1757984847","LILIå®‰å¨œå°å§","Miss LiliAnna","Sat Feb 01 20:21:18 CET 2020","Sat Feb 01 20:21:18 CET 2020","Province: 31 City: 1 Location: ä¸Šæµ· é»„æµ¦åŒº","Life doesn't have to be perfect, but to be wonderful~~Work hard, have fun, no drama.ï¼œ3^_^","Life doesn't have to be perfect, but to be wonderful~~Work hard, have fun, no drama.ï¼œ3^_^","f","720.0","421.0","2966.0"
"1171240224","1171240224","æ³•å…°è‚¯æ–¯å¦","Frankenstein","Sat Feb 01 20:20:20 CET 2020","Sat Feb 01 20:20:20 CET 2020","Province: 42 City: 1 Location: æ¹–åŒ— æ­¦æ±‰","éš”ç€å±å¹•çš„ä½ ç®—ä»€ä¹ˆä¸œè¥¿?","What are you running across the screen?","m","195.0","143.0","390.0"
"1892483947","1892483947","çµèŠé¡¾é—®æ¨å«è£","Lingzhi consultant Yang Weirong","Sat Feb 01 20:18:59 CET 2020","Sat Feb 01 20:18:59 CET 2020","Province: 44 City: 1000 Location: å¹¿ä¸œ","ä¸€ç”Ÿæ¸©æš–çº¯è‰¯,ä¸èˆçˆ±ä¸è‡ªç”±","A lifetime of warmth and goodness, love and freedom","m","391.0","196.0","440.0"
"6053885682","6053885682","è¿™ä¸ªpoä¸»æœ‰ç‚¹æ€ªçš„è·Ÿç­","This po owner's a little weird with the class.","Sat Feb 01 20:18:27 CET 2020","Sat Feb 01 20:18:27 CET 2020","Province: 100 City: 1000 Location: å…¶ä»–","è‹¦æµ·æ— æ¶¯ã€ççˆ±ç”Ÿå‘½ã€ç‹—å‘½è¦ç´§ = è¿œç¦»åæœŸ","Bitter sea no end, cherish life, dog life is important - away from the later","m","47.0","85.0","198.0"
"6095098657","6095098657","å¾·åˆšçš„ä¸ƒèˆ…å§¥çˆ·","Degang's Seven Uncles","Sat Feb 01 20:11:59 CET 2020","Sat Feb 01 20:11:59 CET 2020","Province: 100 City: 1000 Location: å…¶ä»–","","","m","10.0","172.0","13.0"
"6636425090","6636425090","Simonéƒ½æŒºå¥½","Simon's fine.","Sat Feb 01 20:17:05 CET 2020","Sat Feb 01 20:17:05 CET 2020","Province: 100 City: 1000 Location: å…¶ä»–","","","m","2.0","63.0","11.0"
"2069469921","2069469921","ä¸½æ°´å¤§åœ°ä¸Š","On the land of the water","Sat Feb 01 20:16:15 CET 2020","Sat Feb 01 20:16:15 CET 2020","Province: 33 City: 11 Location: æµ™æ±Ÿ ä¸½æ°´","æ‘åŠ¡å·¥ä½œè€…ã€ä¸ºäº†æ˜Ÿå®è€ŒåŠªåŠ›çš„çˆ¶äº²ï¼","Village workers, for the father of the efforts of Xingbao!","m","2382.0","640.0","6857.0"
"6333391237","6333391237","å£¹ç¼•å¾®æ´¸","A few strands of micro-rays","Sat Feb 01 20:27:41 CET 2020","Sat Feb 01 20:27:41 CET 2020","Province: 32 City: 1000 Location: æ±Ÿè‹","","","m","10.0","50.0","3.0"
"3826185579","3826185579","é˜¿æµ·æµ·Shinkai","Ahai Shinkai","Sat Feb 01 20:25:39 CET 2020","Sat Feb 01 20:25:39 CET 2020","Province: 34 City: 2 Location: å®‰å¾½ èŠœæ¹–","ä½†çª¥çœ‰ä¸Šå†¬ï¼Œæ‹‚å»çº¸ä¸Šç²ç‘","But peeping on the winter, brushing off the paper","m","564.0","261.0","127.0"
"1082160445","1082160445","è€äººå®¶20121082160445","Senior20121082160445","Sat Feb 01 20:25:36 CET 2020","Sat Feb 01 20:25:36 CET 2020","Province: 32 City: 1000 Location: æ±Ÿè‹","è¦å¿«ä¹çš„æ¸¡è¿‡å›°éš¾çš„ä¸€ç”Ÿã€‚","Be happy through a difficult life.","m","109.0","751.0","76.0"
"7315890112","7315890112","æ˜¨æ—¥ç¦»çº¿","Yesterday offline","Sat Feb 01 20:19:23 CET 2020","Sat Feb 01 20:19:23 CET 2020","Province: 100 City: 1000 Location: å…¶ä»–","","","m","8.0","65.0","34.0"
"6276990468","6276990468","ä¸ƒä¸ƒä¸ƒå‘€å®è´","Seven seven seven, baby.","Sat Feb 01 20:15:58 CET 2020","Sat Feb 01 20:15:58 CET 2020","Province: 100 City: 1000 Location: å…¶ä»–","æˆ‘ç»™ä½ è®²é˜¿æ³¢ç½—è·Ÿè¾¾èŠ™å¦®çš„æ•…äº‹ğŸ™ˆ","I'll tell you the story of Apollo and DaphneğŸ™ˆ","m","9.0","74.0","1.0"
"6040575309","6040575309","æ ‘ä¸è—¤zzz","Trees and vinezzz","Sat Feb 01 20:11:33 CET 2020","Sat Feb 01 20:11:33 CET 2020","Province: 44 City: 2 Location: å¹¿ä¸œ éŸ¶å…³","ç›®å…‰æ”¾è¿œ   ä¸‡äº‹çš†æ‚²","Looking far away is sad in everything","f","35.0","145.0","75.0"
"7281004858","7281004858","å—å°‘ä¾ 001","South Junior 001","Sat Feb 01 20:14:29 CET 2020","Sat Feb 01 20:14:29 CET 2020","Province: 51 City: 1 Location: å››å· æˆéƒ½","","","m","4685.0","868.0","873.0"
"1428443787","1428443787","é£ç¿”çš„å°æœˆåŠæœˆåŠ","Flying little moon and half a moon","Sat Feb 01 20:13:38 CET 2020","Sat Feb 01 20:13:38 CET 2020","Province: 33 City: 1000 Location: æµ™æ±Ÿ","æ·±çª¥è‡ªå·± å°±ä¼šå‘è§‰ä¸€åˆ‡çš„å¥‡è¿¹åœ¨ä½ è‡ªå·±","A deep look at yourself will find all the miracles in yourself.","m","22856.0","606.0","2271.0"
"5288806762","5288806762","åš¯åš¯åš¯çš„å®‰å—ç§€ä¸¶","The Annan Show,","Sat Feb 01 20:13:31 CET 2020","Sat Feb 01 20:13:31 CET 2020","Province: 100 City: 1000 Location: å…¶ä»–","æƒ…ä¹‹ä¸€å­—ï¼Œå¿ƒåšç›ä¹Ÿ","love one word, the heart to do the eye also","f","27.0","79.0","97.0"
"3787627237","3787627237","å…¨è§†ä¹‹çœ¼ä¹‹è§†å…¨","The full eye of the whole eye","Sat Feb 01 20:13:11 CET 2020","Sat Feb 01 20:13:11 CET 2020","Province: 100 City: 1000 Location: å…¶ä»–","","","m","92.0","305.0","234.0"
"6142186552","6142186552","Dumingo_","Dumingo_","Sat Feb 01 20:20:04 CET 2020","Sat Feb 01 20:20:04 CET 2020","Province: 44 City: 3 Location: å¹¿ä¸œ æ·±åœ³","Forming into my DreamtğŸ’ª","Forming into my DreamtğŸ’ª","m","92.0","301.0","100.0"
"6999253827","6999253827","å­èƒ¥å¹»","Sub-fantasy","Sat Feb 01 20:16:10 CET 2020","Sat Feb 01 20:16:10 CET 2020","Province: 100 City: 1000 Location: å…¶ä»–","","","f","44.0","1015.0","189.0"
"6712874844","6712874844","__èŸ¹å­_","The crab","Sat Feb 01 20:11:50 CET 2020","Sat Feb 01 20:11:50 CET 2020","Province: 34 City: 1 Location: å®‰å¾½ åˆè‚¥","æ¡ç“¶å­çš„","Pick the bottle.","m","290.0","800.0","96.0"
"1678306100","1678306100","lbcanon","lbcanon","Sat Feb 01 20:27:51 CET 2020","Sat Feb 01 20:27:51 CET 2020","Province: 11 City: 1000 Location: åŒ—äº¬","","","m","1954.0","2040.0","19658.0"
"6456536453","6456536453","ç«ç«ZGZG","Fire ZGZG","Sat Feb 01 20:24:37 CET 2020","Sat Feb 01 20:24:37 CET 2020","Province: 100 City: 1000 Location: å…¶ä»–","åªçŸ¥ä¸ºåªçŸ¥ä¸çŸ¥ä¸ºä¸çŸ¥æ˜¯æ™ºä¹Ÿ","Only know only do not know is not know is wise also","m","52.0","175.0","132.0"
"6894797045","6894797045","ä¸€é©¬åŒè·¨å¥”è¥¿å‡‰","A horse and two cross the west cool","Sat Feb 01 20:11:14 CET 2020","Sat Feb 01 20:11:14 CET 2020","Province: 11 City: 1000 Location: åŒ—äº¬","çªƒç«ï¼Œé£Ÿç¦ï¼Œé’“èª‰ï¼Œæ¬ºå›ã€‚","Stealing fire, foregoing, fishing, bullying.","m","10.0","174.0","23.0"
"2643220672","2643220672","é»‘å“Ÿå“Ÿå“Ÿè¢«æ³¨å†Œäº†","Black yo yo is registered.","Sat Feb 01 20:21:57 CET 2020","Sat Feb 01 20:21:57 CET 2020","Province: 35 City: 5 Location: ç¦å»º æ³‰å·","è¿™æ˜¯ç­¾åã€‚","This is the signature.","m","419.0","617.0","566.0"
"3550942073","3550942073","-å°ä¸¥Eills-","- Yan Eills-","Sat Feb 01 20:21:41 CET 2020","Sat Feb 01 20:21:41 CET 2020","Province: 33 City: 1 Location: æµ™æ±Ÿ æ­å·","","","m","42.0","203.0","5.0"
"6554484857","6554484857","TèƒŒæ¶‚47","T-back coating 47","Sat Feb 01 20:20:29 CET 2020","Sat Feb 01 20:20:29 CET 2020","Province: 32 City: 5 Location: æ±Ÿè‹ è‹å·","","","m","285.0","1091.0","14.0"
"1763593390","1763593390","å¯åŠ¨æœ€æœ‰è¶£çš„å¤œé—´æ¨¡å¼","Start the funniest night mode","Sat Feb 01 20:14:10 CET 2020","Sat Feb 01 20:14:10 CET 2020","Province: 44 City: 1000 Location: å¹¿ä¸œ","å¼€é”ã€æ¢ç¯æ³¡ã€ä¿®è½¦ã€å®µå¤œå¤–å–ï¼ŒåŒ…æ‚¨æ»¡æ„ï¼è¯¦æƒ…å’¨è¯¢ğŸ‘‰","Unlock, change light bulbs, repair cars, night takeaway, package you are satisfied! For more informationğŸ‘‰","m","185.0","435.0","1119.0"
"1402681381","1402681381","å¹¿ä¸œæ±Ÿå¤äººå®¶","Jiang Xia Family in Guangdong","Sat Feb 01 20:12:21 CET 2020","Sat Feb 01 20:12:21 CET 2020","Province: 44 City: 20 Location: å¹¿ä¸œ ä¸­å±±","","","m","352.0","1631.0","752.0"
"2715059981","2715059981","å¶è½çš„æ€ç»ª2001","The Thoughts of The Leaf Fall 2001","Sat Feb 01 20:11:17 CET 2020","Sat Feb 01 20:11:17 CET 2020","Province: 32 City: 4 Location: æ±Ÿè‹ å¸¸å·","","","m","78.0","90.0","213.0"
"2607162507","2607162507","è§ä¸€å›ä¸¶","See a king,","Sat Feb 01 20:11:04 CET 2020","Sat Feb 01 20:11:04 CET 2020","Province: 44 City: 6 Location: å¹¿ä¸œ ä½›å±±","æ„¿å…‰é˜´å«ç¬‘ å²æœˆå‡é¦™ æµå¹´é™å¥½","May the light and yin smile, the years glistening, the years quiet good","m","323.0","686.0","68.0"
"7204449627","7204449627","ç¥¥å®Leo","Xiang Ning Leo","Sat Feb 01 20:10:29 CET 2020","Sat Feb 01 20:10:29 CET 2020","Province: 100 City: 1000 Location: å…¶ä»–","","","m","2.0","162.0","10.0"
"1774823422","1774823422","ä¸æ„¿é€éœ²å§“åçš„é™ˆæ˜†ä»‘ä¸¶","Chen Kunlun, who did not want to be named,","Sat Feb 01 20:10:03 CET 2020","Sat Feb 01 20:10:03 CET 2020","Province: 44 City: 1 Location: å¹¿ä¸œ å¹¿å·","æœ€å¸…ä¸è¿‡å¥¥ç‰¹æ›¼","The most handsome, but Altman.","m","222.0","429.0","368.0"
"2945465211","2945465211","è…Šè…Šçš„è‚‰","La la's meat","Sat Feb 01 20:00:58 CET 2020","Sat Feb 01 20:00:58 CET 2020","Province: 46 City: 90 Location: æµ·å— å…¶ä»–","å”±å§ï¼šhttp://t.cn/AiudrvKJ","Sing it: http://t.cn/AiudrvKJ","m","414.0","786.0","1384.0"
"5888907225","5888907225","é£ä¸­æ¯›é©´æœ¬å°Š","Donkey Ben-Zun in the wind","Sat Feb 01 19:47:28 CET 2020","Sat Feb 01 19:47:28 CET 2020","Province: 100 City: 1000 Location: å…¶ä»–","","","m","427.0","91.0","1865.0"
"7338459477","7338459477","çˆ±å¿ƒå¹³å‡¡äºº","Love ordinary people","Sat Feb 01 19:43:36 CET 2020","Sat Feb 01 19:43:36 CET 2020","Province: 44 City: 1000 Location: å¹¿ä¸œ","äººç”Ÿå“ªèƒ½å¤šå¦‚æ„ï¼Œä¸‡äº‹åªæ±‚åŠç§°å¿ƒğŸ‘","Life can be more satisfactory, everything only half heartğŸ‘","m","63.0","83.0","125.0"
"1846588441","1846588441","å·§å…‹åŠ›å‘³ç†Šä»”é¥¼","Chocolate-flavoured bear cake","Sat Feb 01 19:35:28 CET 2020","Sat Feb 01 19:35:28 CET 2020","Province: 44 City: 7 Location: å¹¿ä¸œ æ±Ÿé—¨","I love my family","I love my family","m","303.0","285.0","982.0"
"5511891549","5511891549","åä»”çš„è¡¨å“¥","Huachai's cousin","Sat Feb 01 19:35:22 CET 2020","Sat Feb 01 19:35:22 CET 2020","Province: 44 City: 1000 Location: å¹¿ä¸œ","","","m","60.0","625.0","208.0"
"1107767042","1107767042","æˆ‘ä¸å‘Šè¯‰ä½ 1107767042","I won't tell you 1107767042","Sat Feb 01 19:30:32 CET 2020","Sat Feb 01 19:30:32 CET 2020","Province: 32 City: 1 Location: æ±Ÿè‹ å—äº¬","","","m","103.0","146.0","398.0"
"1752670234","1752670234","æ— è‰¯ç","Unanoised","Sat Feb 01 20:18:48 CET 2020","Sat Feb 01 20:18:48 CET 2020","Province: 44 City: 3 Location: å¹¿ä¸œ æ·±åœ³","ä¸€é˜µé—´å»è¾¹åº¦ï¼Œé¥®å¤šä¸¤æ¯å°±çŸ¥é“ã€‚","Go to the edge for a while, drink more than two more drinks to know.","m","406.0","319.0","1060.0"
"1846030904","1846030904","é±¼é±¼U_U","FishU_U","Sat Feb 01 20:16:48 CET 2020","Sat Feb 01 20:16:48 CET 2020","Province: 44 City: 6 Location: å¹¿ä¸œ ä½›å±±","","","f","540.0","1617.0","4195.0"
"7235245397","7235245397","è€ç¾å‚»äº‹","Old beauty silly things","Sat Feb 01 20:12:23 CET 2020","Sat Feb 01 20:12:23 CET 2020","Province: 100 City: 1000 Location: å…¶ä»–","","","m","244.0","50.0","367.0"
"1870531790","1870531790","_-é˜¿é¢œé¢œ","-A YanYan","Sat Feb 01 20:05:59 CET 2020","Sat Feb 01 20:05:59 CET 2020","Province: 31 City: 10 Location: ä¸Šæµ· æ¨æµ¦åŒº","å‡¤å‡°ç¤¾æˆå‘˜","Members of the Order of the Phoenix","f","423.0","892.0","498.0"
"5523017763","5523017763","XOé…±è¥¿ç“œç„–è…ä¹³","XO sauce watermelon rotting milk","Sat Feb 01 20:01:38 CET 2020","Sat Feb 01 20:01:38 CET 2020","Province: 100 City: 1000 Location: å…¶ä»–","æ¯å¤©æ•£æ’­è´Ÿèƒ½é‡àª¡ğŸŒšàª¡","Spread ingress of negative energy ğŸŒš every day","f","78.0","792.0","148.0"
"5636053706","5636053706","Tokyo-DJ","Tokyo-DJ","Sat Feb 01 19:51:08 CET 2020","Sat Feb 01 19:51:08 CET 2020","Province: 400 City: 2 Location: æµ·å¤– è‹±å›½","","","f","89.0","526.0","160.0"
"1791017521","1791017521","å¿™å†…J","Busy J","Sat Feb 01 19:44:49 CET 2020","Sat Feb 01 19:44:49 CET 2020","Province: 33 City: 1 Location: æµ™æ±Ÿ æ­å·","æˆ‘æœ¬å¼‚ç±»ï¼Œä¿—çš„æ— ç•ï¼Œé›…çš„è½»ç‹‚â€¦â€¦","I'm a different kind, vulgar fearless, elegant and light mania...","f","204.0","1189.0","854.0"
"2137493052","2137493052","ä¸€ä¸ªå”å˜˜çš„ä¼šè®¡ä½¬","A booing accountant.","Sat Feb 01 19:43:11 CET 2020","Sat Feb 01 19:43:11 CET 2020","Province: 44 City: 1 Location: å¹¿ä¸œ å¹¿å·","æ— å–„æ— æ¶å¿ƒä¹‹ä½“ï¼Œæœ‰å–„æœ‰æ¶æ„ä¹‹åŠ¨ã€‚çŸ¥å–„çŸ¥æ¶æ˜¯è‰¯çŸ¥ï¼Œä¸ºå–„å»æ¶æ˜¯æ ¼ç‰©ã€‚çŸ¥è¡Œåˆä¸€","No good, no nausea, good and malicious action. Knowing good and knowing evil is the conscience, and the evil for good is the thing. One of know and one","m","257.0","375.0","2162.0"
"2450900932","2450900932","æµæµªHopeå®‡å®™","Wandering Hope Universe","Sat Feb 01 19:41:56 CET 2020","Sat Feb 01 19:41:56 CET 2020","Province: 44 City: 1 Location: å¹¿ä¸œ å¹¿å·","â€œé»¨å¤–ç„¡é»¨ï¼Œå¸çš‡æ€æƒ³ã€‚é»¨å…§ç„¡æ´¾ï¼Œåƒå¥‡ç™¾æ€ªã€‚â€â€”â€”â€”â€”æ¯›æ¾¤æ±","\","m","498.0","1908.0","6190.0"
"1489050391","1489050391","æ‚¨å¥½çˆ¸çˆ¸","Hello Dad.","Sat Feb 01 19:35:35 CET 2020","Sat Feb 01 19:35:35 CET 2020","Province: 31 City: 15 Location: ä¸Šæµ· æµ¦ä¸œæ–°åŒº","","","m","58.0","55.0","886.0"
"1910965407","1910965407","å”¯å¥¹å‘½çŒªVitaminP","Only her life pig VitaminP","Sat Feb 01 19:35:30 CET 2020","Sat Feb 01 19:35:30 CET 2020","Province: 44 City: 19 Location: å¹¿ä¸œ ä¸œè","æ›²ç»ˆäººæ•£","The end of the song","m","464.0","220.0","1546.0"
"1738243544","1738243544","Richard_Wong1986","Richard_Wong1986","Sat Feb 01 19:33:48 CET 2020","Sat Feb 01 19:33:48 CET 2020","Province: 44 City: 19 Location: å¹¿ä¸œ ä¸œè","ç”¨æœ‰é™ä¹‹ç”Ÿå‘½ï¼Œåšæ— é™ä¹‹äº‹ã€‚","With limited life, do unlimited things.","m","976.0","800.0","11096.0"
"1833967704","1833967704","sJ_Joe","sJ_Joe","Sat Feb 01 19:32:37 CET 2020","Sat Feb 01 19:32:37 CET 2020","Province: 44 City: 1 Location: å¹¿ä¸œ å¹¿å·","","","m","501.0","458.0","355.0"
"2338531231","2338531231","å°Bonnieå¦ˆ","Little Bonnie Mom.","Sat Feb 01 19:32:35 CET 2020","Sat Feb 01 19:32:35 CET 2020","Province: 45 City: 1 Location: å¹¿è¥¿ å—å®","ç¾ä¸½å¦ˆå¦ˆ","Beautiful mom.","f","162.0","1113.0","1786.0"
"7263824707","7263824707","Hdjhak","Hdjhak","Sat Feb 01 19:29:55 CET 2020","Sat Feb 01 19:29:55 CET 2020","Province: 100 City: 1000 Location: å…¶ä»–","","","m","45.0","336.0","8.0"
"7224010278","7224010278","å°è‰æ¸æ¸2006","Grass gradually 2006","Sat Feb 01 19:29:37 CET 2020","Sat Feb 01 19:29:37 CET 2020","Province: 81 City: 1000 Location: é¦™æ¸¯","åšæŒå°±æ˜¯èƒœåˆ©","Persistence is victory.","f","17.0","120.0","114.0"
"7295429788","7295429788","å°å°åº·æ°","Xiao Xiaokangjie","Sat Feb 01 19:26:23 CET 2020","Sat Feb 01 19:26:23 CET 2020","Province: 44 City: 20 Location: å¹¿ä¸œ ä¸­å±±","","","m","13.0","162.0","150.0"
"1881791537","1881791537","BILLUPä¸¶","BILLUP,","Sat Feb 01 19:24:16 CET 2020","Sat Feb 01 19:24:16 CET 2020","Province: 400 City: 1000 Location: æµ·å¤–","ã€Šç“¦å°”ç™»æ¹–ã€‹","Walden Lake","m","717.0","54.0","36.0"
"6291900542","6291900542","æ•…å®«è‡ªé©¾æ¸¸é¡¹ç›®æ€»ç»ç†","General Manager of the Palace Self-Driving Tour Project","Sat Feb 01 19:23:35 CET 2020","Sat Feb 01 19:23:35 CET 2020","Province: 44 City: 19 Location: å¹¿ä¸œ ä¸œè","ä¸€ä¸ªçˆ±å›½çˆ±å…šçš„å‘å¾®å¤§å­¦ç”Ÿ","A humble college student who loves the party patrioticly","m","558.0","230.0","15.0"
"6262379891","6262379891","ç½—ä½‘å…ƒå†²é¸­","Luo Youyuan Duck","Sat Feb 01 19:22:01 CET 2020","Sat Feb 01 19:22:01 CET 2020","Province: 100 City: 1000 Location: å…¶ä»–","ä¸æ··é¥­åœˆ  ç”Ÿè€Œä¸ºäºº  å°½é‡å–„è‰¯","Don't mix the rice circle, but the person is as kind as possible","f","114.0","301.0","2207.0"
"6085988845","6085988845","ç‡•å°ç™½çš„å¤©ç„¶ç‡•çª","The natural bird's nest of the little white swallow","Sat Feb 01 19:20:56 CET 2020","Sat Feb 01 19:20:56 CET 2020","Province: 400 City: 1000 Location: æµ·å¤–","å°é©¬ç‡•çªé¦–å¸­æ‰¹å‘å•†ï¼Œä¸“ä¸šå®¢è§‚ä¸€å¯¹ä¸€ç‡•çªé‰´å®šä¸æ”¶å–ä»»ä½•è´¹ç”¨ï¼Œåªå¸Œæœ›æˆä¸ºæ‚¨èº«è¾¹çš„å…»èº«è¾¾äººã€‚","Inma bird's nest chief wholesaler, professional objective one-to-one bird's nest identification does not charge any fees, only hope to become your side of the body-supporting people.","m","16914.0","606.0","2005.0"
"1751840010","1751840010","KFçœ‹ä¸–ç•Œ","KF Look at the World","Sat Feb 01 19:20:17 CET 2020","Sat Feb 01 19:20:17 CET 2020","Province: 44 City: 1000 Location: å¹¿ä¸œ","è¦æƒ³å¾—åˆ°ä¸€åŒ¹é©¬ï¼Œå°±å¿…é¡»åŠªåŠ›å»å¾—åˆ°ä¸€åªéª†é©¼ã€‚","To get a horse, you have to try to get a camel.","m","259.0","277.0","1462.0"
"7202715460","7202715460","ç†™ç†™å°é¾™è™¾","Hee-hee Crayfish","Sat Feb 01 20:06:57 CET 2020","Sat Feb 01 20:06:57 CET 2020","Province: 15 City: 3 Location: å†…è’™å¤ ä¹Œæµ·","ä¸ºå•¥å¤äººçš„ä¸œè¥¿å«æ–‡ç‰©ï¼Œç°åœ¨å¹³å¸¸äººç”¨çš„å«åºŸç‰©å‘¢ã€‚","Why the ancient things called cultural relics, now ordinary people use the name waste.","m","39.0","546.0","58.0"
"6090652925","6090652925","Torchwood-C","Torchwood-C","Sat Feb 01 19:34:06 CET 2020","Sat Feb 01 19:34:06 CET 2020","Province: 400 City: 1 Location: æµ·å¤– ç¾å›½","","","m","141.0","206.0","74.0"
"1902646942","1902646942","æˆ‘ä¸æ˜¯å¾®æ­¥çš„å¾®æ­¥","I'm not a microstep.","Sat Feb 01 19:21:27 CET 2020","Sat Feb 01 19:21:27 CET 2020","Province: 33 City: 1 Location: æµ™æ±Ÿ æ­å·","è‡ªç”±è‡ªåœ¨","Free","f","130.0","817.0","381.0"
"1619814263","1619814263","çŒ«é±¼ç½å¤´_Janie","Canned catfish _Janie","Sat Feb 01 19:18:00 CET 2020","Sat Feb 01 19:18:00 CET 2020","Province: 31 City: 9 Location: ä¸Šæµ· è™¹å£åŒº","åŠªåŠ›å‡è‚¥çš„ç˜¦é¹¤","Thin Cranes Struggling to Lose Weight","f","867.0","663.0","6429.0"
"2100491734","2100491734","ä»Šæ—¥æœ€inçƒ­ç‚¹","Today's Hottest","Sat Feb 01 20:27:49 CET 2020","Sat Feb 01 20:27:49 CET 2020","Province: 52 City: 1 Location: è´µå· è´µé˜³","å…³æ³¨ä»Šæ—¥æœ€æ–°ã€æœ€çƒ­ã€æœ€inçš„çƒ­ç‚¹æ–°é—»ï¼","Follow today's latest, hottest, and most in-news!","m","2060.0","924.0","1262.0"
"1041889615","1041889615","ä½³æ‹‰é¼ ","Jala Rat","Sat Feb 01 20:21:00 CET 2020","Sat Feb 01 20:21:00 CET 2020","Province: 51 City: 1 Location: å››å· æˆéƒ½","","","m","227.0","314.0","745.0"
"5046004331","5046004331","myredson","myredson","Sat Feb 01 20:18:17 CET 2020","Sat Feb 01 20:18:17 CET 2020","Province: 32 City: 5 Location: æ±Ÿè‹ è‹å·","ç”¨ä¸€æ¯æ°´çš„æ¸…çº¯å»é¢å¯¹ä¸€è¾ˆå­çš„å¤æ‚ï¼","Use a glass of water pure to face the complexity of a lifetime!","f","173.0","1343.0","1705.0"
"1358085010","1358085010","NJ-åœŸåœŸ","NJ-Earth","Sat Feb 01 20:15:29 CET 2020","Sat Feb 01 20:15:29 CET 2020","Province: 32 City: 1000 Location: æ±Ÿè‹","ä¸€åˆ‡ä¼—ç”Ÿçš†å…·å¦‚æ¥æ™ºæ…§å¾·ç›¸ï¼Œåªå› å¦„æƒ³æ‰§ç€ï¼Œä¸èƒ½è¯å¾—ï¼","All beings are as intelligent as virtue, only because of delusional obsessive, can not prove!","m","741.0","333.0","11364.0"
"1861127114","1861127114","ä¸€å¹´åªèƒ½æ”¹ä¸€æ¬¡æ˜µç§°å•Šå•Šå•Šå•Š","I can only change your nickname once a year.","Sat Feb 01 19:41:40 CET 2020","Sat Feb 01 19:41:40 CET 2020","Province: 44 City: 5 Location: å¹¿ä¸œ æ±•å¤´","","","f","221.0","258.0","7244.0"
"3304328755","3304328755","æ±Ÿå—æ°´ä¹¡å¾€äº‹","Jiangnan Water Township Past","Sat Feb 01 19:35:27 CET 2020","Sat Feb 01 19:35:27 CET 2020","Province: 11 City: 1000 Location: åŒ—äº¬","","","f","701.0","979.0","10283.0"
"7259738473","7259738473","å¼ æ— å¿Œ998","Zhang No-Ji 998","Sat Feb 01 19:33:57 CET 2020","Sat Feb 01 19:33:57 CET 2020","Province: 33 City: 1000 Location: æµ™æ±Ÿ","","","m","37.0","24.0","566.0"
"5230574548","5230574548","æ²æ™¨æ²ç†™","Mu Chen Muxi","Sat Feb 01 19:29:04 CET 2020","Sat Feb 01 19:29:04 CET 2020","Province: 44 City: 5 Location: å¹¿ä¸œ æ±•å¤´","","","m","2.0","9.0","15.0"
"6588644497","6588644497","ç©è›‡çš„èƒ–çº¸","Play with the snake's fat paper","Sat Feb 01 19:25:36 CET 2020","Sat Feb 01 19:25:36 CET 2020","Province: 15 City: 1000 Location: å†…è’™å¤","åœ¨å¤æœ´å°é•‡ç ”ç©¶äººå·¥æ™ºèƒ½ã€‚","Study artificial intelligence in quaint town.","m","26.0","11.0","30.0"
"3953212388","3953212388","æ’ç§‘æ‰“è¯¨å¤è€å¸ˆ","Interstitial Teacher Xia","Sat Feb 01 19:22:10 CET 2020","Sat Feb 01 19:22:10 CET 2020","Province: 21 City: 2 Location: è¾½å® å¤§è¿","è¶Šæ´»è¶Šç³Šæ¶‚","The more you live, the more confused you are.","m","54.0","450.0","15.0"
"3758975172","3758975172","è¯šå®çš„è‡­æµæ°“","Honest skunk","Sat Feb 01 19:17:19 CET 2020","Sat Feb 01 19:17:19 CET 2020","Province: 100 City: 1000 Locati