"uuid","name","source id","target id","starttime","endtime","text","entext"
"4467350613402631","5888907225","5888907225","6389419854","Sun Feb 02 02:47:28 +0800 2020","Sun Feb 02 02:47:28 +0800 2020","å»ºè®®æ°¸ä¹…æ€§å°å…³ï¼Œé˜²å°¸å˜","It is recommended to seal the door permanently and prevent carcasses"
"4467349639897227","7338459477","7338459477","6389419854","Sun Feb 02 02:43:36 +0800 2020","Sun Feb 02 02:43:36 +0800 2020","è‡ªä»¥ä¸ºè‡ªå·±å¾ˆé«˜å°š","Think of yourself as noble."
"4467347597714129","1846588441","1846588441","6389419854","Sun Feb 02 02:35:28 +0800 2020","Sun Feb 02 02:35:28 +0800 2020","é‚£æ˜¯ä¸æ˜¯æ‰€æœ‰ä¾›æ¸¯ç‰©èµ„éƒ½ä¸ç”¨é€è¿‡å»äº†ï¼Ÿ[æ”¤æ‰‹][æ”¤æ‰‹][æ”¤æ‰‹]å¼±å¼±é—®å¥ä¹‹å‰é€çš„å£ç½©èƒ½é€å›æ¥ä¸ï¼Ÿ[æ”¤æ‰‹][æ”¤æ‰‹][æ”¤æ‰‹]","Doesn't all the supplies to Hong Kong have to be delivered? (The stallholder) (The stallholder) Can the mask sent back before the weak question? (The stallholder) (The stallholder) (The stallholder)"
"4467347568310834","5511891549","5511891549","6389419854","Sun Feb 02 02:35:22 +0800 2020","Sun Feb 02 02:35:22 +0800 2020","æˆ‘ç°åœ¨çœ‹åˆ°â€œæ¸¯â€å­—å°±è§‰å¾—æ¶å¿ƒï¼Œä¸çŸ¥é“ä¸ºä»€ä¹ˆã€‚ã€‚","I now see the word \"
"4467346351915275","1107767042","1107767042","5347537335","Sun Feb 02 02:30:32 +0800 2020","Sun Feb 02 02:30:32 +0800 2020","æ˜¨å¤©ä¸‹åˆå°±çœ‹åˆ°æœ‰äººè¯´é‚£é‡Œæ˜¯çˆ†ç‚¸ã€‚ã€‚ä½†ç½‘ç»œä¸Šä¸€ç‚¹æ¶ˆæ¯ä¹Ÿæ²¡æœ‰ã€‚ã€‚","Yesterday afternoon I saw someone say it was an explosion. But there's no news on the web."
"4467349945772205","1791017521","1791017521","2708476577","Sun Feb 02 02:44:49 +0800 2020","Sun Feb 02 02:44:49 +0800 2020","æ„Ÿè§‰å°±æ˜¯æ²¡è„‘å­çš„ï¼Œå¸Œæœ›ä»–ä»¬ä»¥åç”Ÿç—…äº†æ²¡æœ‰åŒ»é™¢æ”¶æ²»ä»–ä»¬","Feeling is no brain, I hope they will be sick later no hospital treatment of them"
"4467349535555091","2137493052","2137493052","2708476577","Sun Feb 02 02:43:11 +0800 2020","Sun Feb 02 02:43:11 +0800 2020","ä½•å…¶ä¸‘é™‹ï¼Œæ‰ä¸ºäºº","How ugly, not to be a man"
"4467349220593921","2450900932","2450900932","2708476577","Sun Feb 02 02:41:56 +0800 2020","Sun Feb 02 02:41:56 +0800 2020","ä¸€ç½¢äºŒæ¯’ä¸‰æ’­å››si","One strike two poison three broadcast four si"
"4467347622926967","1489050391","1489050391","2708476577","Sun Feb 02 02:35:35 +0800 2020","Sun Feb 02 02:35:35 +0800 2020","è¿™äº›åŒ»æŠ¤æ¯«æ— èŒä¸šé“å¾·ï¼ŒæŠŠè¿™äº›åŒ»é™¢è¸¢å‡ºåŒ»ä¿èŒƒå›´ç®—äº†","These cares are unprofessional, and kicking these hospitals out of the health care system."
"4467347605825073","1910965407","1910965407","2708476577","Sun Feb 02 02:35:30 +0800 2020","Sun Feb 02 02:35:30 +0800 2020","ç»§ç»­æ·»ä¹±å§ï¼Œä¸è¿‡è®°å¾—ä¸€å¥è¯ï¼Œæ€»ä¼šè‡ªä½œè‡ªå—çš„","Keep messing around, but remember a word, always self-inflicted"
"4467347173346884","1738243544","1738243544","2708476577","Sun Feb 02 02:33:48 +0800 2020","Sun Feb 02 02:33:48 +0800 2020","[è·ªäº†]è¿™ä¸ªæ—¶å€™åŒ»æŠ¤é€‰æ‹©ç½¢å·¥ï¼Œéš¾é“å¿˜è®°å½“åˆçš„èª“è¨€å˜›ã€‚å—¯ï¼Œè¯´ä¸å®šä»–ä»¬çœŸçš„å¿˜è®°äº†ã€‚","This time the health care chooses to strike, forget the original oath. Well, maybe they really forgot."
"4467346913433436","7059355434","7059355434","2708476577","Sun Feb 02 02:32:46 +0800 2020","Sun Feb 02 02:32:46 +0800 2020","å¯ä»¥çš„ã€‚é™å€™é¦™æ¸¯æ²¦ä¸ºå…¨å°é—­ç–«åŒºã€‚åˆ°æ—¶å€™å¤§å®¶éƒ½æ— å·¥å¯å¼€ã€æœ‰ç—…æ— å¤„çœ‹ã€å‡ºä¸å»ã€è¿›ä¸æ¥ã€‚æ½ç‚’å…¨é¢æˆåŠŸã€‚æœ‰æ•ˆé™ä½äººå£æ•°é‡ï¼Œè§£å†³ä¸Šè½¦é—®é¢˜[äºŒå“ˆ]","OK. Waiting for Hong Kong to become a fully closed epidemic area. At that time, we have no work to drive, have no whereto to see, can not go out, can not come in. The overall success of speculation. Effectively reduce the number of people and solve the problem of getting on the bus . . ."
"4467346880292305","1833967704","1833967704","2708476577","Sun Feb 02 02:32:37 +0800 2020","Sun Feb 02 02:32:37 +0800 2020","é—®é¢˜ä¸å¤§","It's not a big problem."
"4467346867952073","2338531231","2338531231","2708476577","Sun Feb 02 02:32:35 +0800 2020","Sun Feb 02 02:32:35 +0800 2020","ç½¢å·¥è¿˜ä¸æ˜¯å½±å“è‡ªå·±çš„åŸå¸‚","Strikes are not the city that affects them."
"4467346196204543","7263824707","7263824707","2708476577","Sun Feb 02 02:29:55 +0800 2020","Sun Feb 02 02:29:55 +0800 2020","å±å¤§ç‚¹äº‹ï¼Œç½¢å·¥è¿˜ç½¢å¾—å°‘å—ï¼Œç½¢å°±ç½¢å½±å“ä¸äº†ä»€ä¹ˆ","Fart big thing, strike still less, stop to affect nothing"
"4467346125551567","7224010278","7224010278","2708476577","Sun Feb 02 02:29:37 +0800 2020","Sun Feb 02 02:29:37 +0800 2020","å°å§æˆ‘ä¹Ÿä¸æƒ³å›é¦™æ¸¯","I don't want to go back to Hong Kong."
"4467345311693237","7295429788","7295429788","2708476577","Sun Feb 02 02:26:23 +0800 2020","Sun Feb 02 02:26:23 +0800 2020","å¯è€»","Shameful"
"4467344774567270","1881791537","1881791537","2708476577","Sun Feb 02 02:24:16 +0800 2020","Sun Feb 02 02:24:16 +0800 2020","çœŸæƒ¨ï¼","It's terrible!"
"4467344602859217","6291900542","6291900542","2708476577","Sun Feb 02 02:23:35 +0800 2020","Sun Feb 02 02:23:35 +0800 2020","çœŸçš„è‡ªå¯»æ­»è·¯ã€‚ã€‚","Really find their own way to death."
"4467344208610311","6262379891","6262379891","2708476577","Sun Feb 02 02:22:01 +0800 2020","Sun Feb 02 02:22:01 +0800 2020","å£ç½©åˆ«è¿å¾€é¦™æ¸¯äº†ï¼Œæµªè´¹","Masks don't go to Hong Kong, waste."
"4467343939729661","6085988845","6085988845","2708476577","Sun Feb 02 02:20:56 +0800 2020","Sun Feb 02 02:20:56 +0800 2020","é¦™æ¸¯äººè‡ªå·±äººé“æ¯ç­è‡ªå·±å§ï¼Œçˆ±å›½çš„æ¸¯äººç•™ä¸‹å°±è¡Œï¼Œå…¶ä»–çš„çœŸçš„ï¼Œçœ‹åˆ°éƒ½è§‰å¾—æ¶å¿ƒ","Hong Kong people themselves humanely destroy themselves, patriotic Hong Kong people stay on the line, the other really, see all feel disgusting"
"4467343772572256","1751840010","1751840010","2708476577","Sun Feb 02 02:20:17 +0800 2020","Sun Feb 02 02:20:17 +0800 2020","10ä¸ªæ¸¯äºº9ä¸ªé»„ï¼Œå‘µå‘µâ€¦â€¦â€¦","10 Hong Kong people 9 yellow, ha ha..."
"4467347253423449","6090652925","6090652925","3488787807","Sun Feb 02 02:34:06 +0800 2020","Sun Feb 02 02:34:06 +0800 2020","è‰æœ¨çš†å…µï¼Œç°åœ¨ä¸€çº¿è®²è¯ä¹Ÿä¸å¥½ä½¿äº†","Grass and wood are soldiers, now the first line of speech is not good to make"
"4467344070188570","1902646942","1902646942","3488787807","Sun Feb 02 02:21:27 +0800 2020","Sun Feb 02 02:21:27 +0800 2020","é€ è°£å¼è¾Ÿè°£","Disinformation"
"4467343197457358","1619814263","1619814263","3488787807","Sun Feb 02 02:18:00 +0800 2020","Sun Feb 02 02:18:00 +0800 2020","å›¾ç‰‡è¯„è®º http://t.cn/A6P00zRf","Picture Reviews http://t.cn/A6P00zRf"
"4467349153383280","1861127114","1861127114","6011391162","Sun Feb 02 02:41:40 +0800 2020","Sun Feb 02 02:41:40 +0800 2020","ä¹Ÿä¸çœ‹çœ‹å‘å¸ƒçš„äººæ˜¯è°ï¼ï¼ä¸€çº¿åŒ»ç”Ÿéš¾é“è·Ÿç½‘ä¸Šé‚£äº›æ— èŠè„‘æ®‹ä¸€æ ·æ²¡äº‹é€ è°£ç€ç©å—ï¼ï¼ï¼8ä¸ªåŒ»ç”Ÿæ²¡äº‹ç©é€ è°£æƒ³æƒ³å°±æç¬‘ï¼ï¼ï¼åˆè¦æ°”åˆ°è‚ç–¼","And don't look at who the person to post is!! Is the front-line doctor as free to play with the boring brain scraps on the Internet!!! Eight doctors have nothing to play with disinformation and make fun of !!! and gas to liver pain."
"4467347589316306","3304328755","3304328755","6011391162","Sun Feb 02 02:35:27 +0800 2020","Sun Feb 02 02:35:27 +0800 2020","å¦‚æœæå‰ä¸€ä¸ªæœˆå…¬å¸ƒå°±å¥½äº†ï¼Œçœé’±è€å¤šäº†ï¼Œå¹´å‰å°±ä¸ç”¨æŠ˜è…¾ç€è¯·å®¢é€ç¤¼äº†[å…æ‚²][å…æ‚²][å…æ‚²]//@æ’ç§‘æ‰“è¯¨å¤è€å¸ˆ:å¦‚æœèƒ½æå‰ä¸€ä¸ªæœˆå…¬å¸ƒç–«æƒ…ï¼Œå·å¬é˜²æŠ¤ï¼Œé‡‡å–æªæ–½çš„è¯â€¦â€¦è¯¥å¤šå¥½å•Š","If it is only good to publish a month in advance, save money much older, years ago without tossing the guests to give gifts to the gift of the \"
"4467347215582310","7259738473","7259738473","6011391162","Sun Feb 02 02:33:57 +0800 2020","Sun Feb 02 02:33:57 +0800 2020","è¿™æ˜¯å®½å®¹ï¼Œç®—å¹³åå—[æ€è€ƒ]","Is it tolerance, is it anti-trump?"
"4467345986706670","5230574548","5230574548","6011391162","Sun Feb 02 02:29:04 +0800 2020","Sun Feb 02 02:29:04 +0800 2020","æ„éš¾å¹³","It's hard to be flat."
"4467345110134538","6588644497","6588644497","6011391162","Sun Feb 02 02:25:36 +0800 2020","Sun Feb 02 02:25:36 +0800 2020","ä»€ä¹ˆå«ä¿æŒå®½å®¹æ€åº¦ï¼ŸçœŸæ˜¯æ°”æ­»äººï¼äººå®¶è¯´çš„æ˜¯çœŸè¯å®è¯ï¼Œä¸éœ€è¦ä»»ä½•äººçš„å®½å®¹ï¼ï¼ï¼","What do you mean to be tolerant? What a dead man! People tell the truth and don't need anyone's tolerance!!!"
"4467344246156919","3953212388","3953212388","6011391162","Sun Feb 02 02:22:10 +0800 2020","Sun Feb 02 02:22:10 +0800 2020","å¦‚æœèƒ½æå‰ä¸€ä¸ªæœˆå…¬å¸ƒç–«æƒ…ï¼Œå·å¬é˜²æŠ¤ï¼Œé‡‡å–æªæ–½çš„è¯â€¦â€¦è¯¥å¤šå¥½å•Š","If you can announce the outbreak a month in advance, call for protection, take measures... How good it is."
"4467343025834197","3758975172","3758975172","6011391162","Sun Feb 02 02:17:19 +0800 2020","Sun Feb 02 02:17:19 +0800 2020","è¯„ä¸ªè§ä¹‰å‹‡ä¸ºçš„è‹±é›„ä¸ä¸ºè¿‡å§","It's too much to judge a hero who sees righteous courage."
"4467341909829789","1359799441","1359799441","6011391162","Sun Feb 02 02:12:53 +0800 2020","Sun Feb 02 02:12:53 +0800 2020","è¿˜ä¸ç®—å…‰æ˜æ­£å¤§çš„å¹³åå§ï¼Ÿæ²¡æœ‰åŒ»å­¦èƒŒæ™¯çš„ç®¡ç†äººæœ‰ä»€ä¹ˆèµ„æ ¼è´¨ç–‘ä¸“ä¸šåŒ»ç”Ÿçš„å€¡è®®ï¼Ÿå¿…é¡»é“æ­‰å’Œé—®è´£ï¼","Isn't it a fair and honest counter-offer? What qualifications are there for managers without medical backgrounds to challenge the initiative sits by professional doctors? Apologies and accountability must be made!"
"4467341142349395","5666784354","5666784354","6011391162","Sun Feb 02 02:09:50 +0800 2020","Sun Feb 02 02:09:50 +0800 2020","æœ‰ç‚¹æ™š[æ³ª]","It's a little late . . ."
"4467349862283178","1761782344","1761782344","6389419854","Sun Feb 02 02:44:29 +0800 2020","Sun Feb 02 02:44:29 +0800 2020","æ–°å† è‚ºç‚ä¸çŸ¥é“å— è¿˜åœ¨æ­¦æ±‰è‚ºç‚ çœŸå—ä¸äº†é¦™æ²¹äººäº†","New crown pneumonia do not know, still in Wuhan pneumonia really can't stand the incense oil people"
"4467342584840055","7296055111","7296055111","6389419854","Sun Feb 02 02:15:34 +0800 2020","Sun Feb 02 02:15:34 +0800 2020","å¥½äº‹[æ†§æ†¬]","Good things . . ."
"4467339774766123","2823938924","2823938924","6389419854","Sun Feb 02 02:04:23 +0800 2020","Sun Feb 02 02:04:23 +0800 2020","ç›´æ¥è¾èŒå¥½è¿‡ç½¢å·¥","It's better to resign directly than to strike."
"4467339603278361","2798851481","2798851481","6389419854","Sun Feb 02 02:03:42 +0800 2020","Sun Feb 02 02:03:42 +0800 2020","æˆ‘å¾ˆè®¨åŒä½ ï¼Œä½ åˆ°åº•æ˜¯å½’è°ç®¡çš„ï¼Œä¸€ç›´è¯´å•å‘ç‰‡é¢è¿‡æ¿€çš„è¯ï¼Œè¯·ä½ æ¸©æŸ”å®¢è§‚çš„å‘è¡¨è¨€è®ºï¼Œä¸ç„¶ä½ å’Œä»–ä»¬æœ‰ä»€ä¹ˆåŒºåˆ«ï¼ï¼ï¼","I hate you, who in the end is in charge of, has been saying one-way one-sided excessive words, please speak softly and objectively, otherwise you and they have any difference!!!"
"4467345097884667","2533641487","2533641487","1861477054","Sun Feb 02 02:25:33 +0800 2020","Sun Feb 02 02:25:33 +0800 2020","ä¸€è„¸ç»å°¿é…¸æµ“å¦†è‰³æŠ¹æ”é¦–å¼„å§¿ï¼Œåƒå¨±ä¹ä¼šæ‰€çš„äº‘å°å°å§ã€‚","A face of urine acid thick makeup, like the entertainment club's Miss Yuntai."
"4467339691133237","1767702125","1767702125","1861477054","Sun Feb 02 02:04:04 +0800 2020","Sun Feb 02 02:04:04 +0800 2020","ä¸‹å·´æ”¶ä¸€æ”¶ï¼Œæ€•ä¼¤äºº","Chin to collect, afraid of hurting people"
"4467337996731007","1919303917","1919303917","1861477054","Sun Feb 02 01:57:20 +0800 2020","Sun Feb 02 01:57:20 +0800 2020","é£å°˜å¥³å­ï¼Ÿï¼Ÿï¼Ÿ","Dust woman ???"
"4467337325554917","2961255110","2961255110","1861477054","Sun Feb 02 01:54:40 +0800 2020","Sun Feb 02 01:54:40 +0800 2020","çœ‹å¾—æˆ‘å°´å°¬ç™Œéƒ½çŠ¯äº†[æŒ–é¼»]","See i'm embarrassed that cancer has been made . . . . . . . . . . . . . . . . . . . . . ."
"4467337061618904","1812224051","1812224051","1861477054","Sun Feb 02 01:53:37 +0800 2020","Sun Feb 02 01:53:37 +0800 2020","è§†é¢‘çœ‹äº†ï¼Œé‡‡è®¿é‚£å¥³çš„ï¼Œå¾ˆlowï¼Œæ‰ä»½ï¼Œå·®è¯„ï¼","Video watched, interview that woman, very low, miss, poor review!"
"4467336939957938","6112526877","6112526877","1861477054","Sun Feb 02 01:53:08 +0800 2020","Sun Feb 02 01:53:08 +0800 2020","å†™å¾—å¾ˆæ£’ï¼æ”¯æŒä½ ","It's a great writing! Support you."
"4467336922593684","1645424384","1645424384","1861477054","Sun Feb 02 01:53:04 +0800 2020","Sun Feb 02 01:53:04 +0800 2020","éº¦å…‹å·®ç‚¹å„¿æ€¼æˆ‘é’Ÿè€å˜´é‡Œ","Mike almost smothered my bell."
"4467348268888753","7059355434","7059355434","2708476577","Sun Feb 02 02:38:09 +0800 2020","Sun Feb 02 02:38:09 +0800 2020","æˆ·ä¸æˆ·éš”æ–­çš„æ„æ€æ˜¯ï¼Œäº’ç›¸ä¸èƒ½è§é¢ï¼Œäººäººå±…å®¶éš”ç¦»æ˜¯å§ï¼Ÿè¿˜æ˜¯ä¸å‡†å‡ºé—¨è¿™ç±»ï¼Ÿæ‘ä¸æ‘ä¹‹é—´ç‰©èµ„æ€ä¹ˆæï¼Ÿé£Ÿç‰©ã€é˜²æŠ¤ã€æ¶ˆæ€ã€èƒ½æºéƒ½å±¯å¥½äº†ï¼Ÿç´§æ€¥æ•‘æ´é€šé“å‘¢ï¼Ÿ","Household and household separation means that we can not meet each other, everyone is isolated at home, right? Or are you not allowed to go out like this? What about the material between the village and the village? Food, protection, killing, energy? Where's the emergency access?"
"4467340932741859","7312379726","7312379726","2708476577","Sun Feb 02 02:09:00 +0800 2020","Sun Feb 02 02:09:00 +0800 2020","é€™æˆ‘å®¶é‚£é‚Šã€‚ã€‚ã€‚","This is my house..."
"4467349501307390","2714630960","2714630960","5347537335","Sun Feb 02 02:43:03 +0800 2020","Sun Feb 02 02:43:03 +0800 2020","å›å¤@æ©˜çŒ«å®¶é“²å±å®˜:é—®é¢˜ç°åœ¨æ˜¯ä½ è¯´çš„è¿™ç§æƒ…å†µå—ï¼Ÿ","Reply to the Orange Cat's Officer: Is this the question now what you're talking about?"
"4467340156193694","5272221786","5272221786","5347537335","Sun Feb 02 02:05:55 +0800 2020","Sun Feb 02 02:05:55 +0800 2020","å°±æŒ‡æœ›æ¹–åŒ—é‚£äº›é¢†å¯¼çš„å°¿æ€§ï¼Ÿè¿˜æ˜¯äººæ°‘ç¾¤ä¼—è§‰æ‚Ÿé«˜ï¼[æ€’][æ€’][æ€’]","Just count on the urine of those leaders in Hubei? Or the people's awareness of high! (Angry) (Angry) (Angry)"
"4467339590669781","2871142055","2871142055","5347537335","Sun Feb 02 02:03:40 +0800 2020","Sun Feb 02 02:03:40 +0800 2020","ä¸ºä»€ä¹ˆç—…æ¯’æŒ‘æ­¦æ±‰ä¸‹æ‰‹ï¼ŒçŸ¥é“äº†å§ï¼Ÿæ—©æŒæ¡äº†ä¸­å›½å›½æƒ…å’Œå®˜æƒ…ã€‚","Why the virus picks Wuhan to do it, know? Early master of China's national conditions and official feelings."
"4467339271560564","1861127114","1861127114","5347537335","Sun Feb 02 02:02:24 +0800 2020","Sun Feb 02 02:02:24 +0800 2020","å›å¤@é…’æœˆæ­Œ:é‚£æ˜¯å› ä¸ºæ²¡å»ºè¿‡å·¥åœ°ï¼Œå°±è§‰å¾—ä¸éš¾å—[å…æ‚²]","Reply to the wine moon song: it is because there is no construction site, it is not difficult to feel sad"
"4467338985936429","7004487461","7004487461","5347537335","Sun Feb 02 02:01:16 +0800 2020","Sun Feb 02 02:01:16 +0800 2020","å‘ç‰©èµ„æœ¬æ¥å°±éš¾ã€‚åŠ ä¸Šçº¢ä¼šè¿™ç§å…»è€è¡™é—¨æœ¬æ¥å°±ä¸è¡Œã€‚ã€‚ã€‚å¤§å®¶å¯¹ä»–çš„è¦æ±‚å¤ªé«˜äº†ã€‚","It's inherently difficult to send supplies. Plus the red will be this kind of old-age door is not good... Everyone asks him too much."
"4467338663088487","1472062272","1472062272","5347537335","Sun Feb 02 01:59:59 +0800 2020","Sun Feb 02 01:59:59 +0800 2020","å†æ¥æ–½å·¥åªè¦å¸¦é˜Ÿçš„ç®¡ç†å°±å¯ä»¥ï¼Œæ–½ç²¥èµˆç¾çš„éƒ½è¦æ´¾è¡™å½¹ç»´æŒç§©åºçš„ã€‚ä»”ç»†æƒ³æƒ³ä¸ºä»€ä¹ˆã€‚","Historically, the construction as long as the management of the team can, porridge disaster relief should be sent to maintain order. Think about why."
"4467338516956366","1924091017","1924091017","5347537335","Sun Feb 02 01:59:24 +0800 2020","Sun Feb 02 01:59:24 +0800 2020","æœ¬æ¥å°±æ˜¯åˆ†å‘ç‰©èµ„éš¾ï¼ŒåŒ»é™¢å»ºè®¾æŒ‰å›¾æ–½å·¥å°±è¡Œäº†ã€‚ç‰©èµ„ç´§å¼ çš„æ—¶å€™å‘ç»™è°ï¼Œå‘å¤šå°‘ï¼Œæ€ä¹ˆå‘éƒ½æ˜¯é—®é¢˜ã€‚è¿™æ—¶ä¸æ˜¯ä¿è¯èƒ½æ¯ä¸ªåŒ»é™¢èƒ½æ‹¿åˆ°å¤šå°‘ï¼Œè€Œæ˜¯ä¿è¯åœ¨ç°æœ‰ç‰©èµ„æ€»é‡ä¸‹æ€ä¹ˆä¿è¯æ¯ä¸ªåŒ»é™¢éƒ½èƒ½è¿è½¬ã€‚å“ªä¸ªåŒ»é™¢å±é‡å¤šï¼Œå“ªä¸ªåŒ»é™¢è½»ç—‡å¤šéƒ½å¾—è€ƒè™‘ã€‚å·§å¦‡éš¾ä¸ºæ— ç±³ä¹‹ç‚Šè¯´çš„å°±æ˜¯è¿™ä¸ªé“ç†","It is difficult to distribute materials, hospital construction according to the map on the line. When the material is tight, to whom, how much, how to send is a problem. This is not to ensure how much each hospital can get, but to ensure that each hospital can operate under the total amount of existing supplies. Which hospital is more critical, which hospital has more minor problems to consider. It's the truth that a smart woman can't cook for rice."
"4467338164088122","1760661035","1760661035","5347537335","Sun Feb 02 01:58:00 +0800 2020","Sun Feb 02 01:58:00 +0800 2020","è¯´å®è¯ï¼Œå¯èƒ½çœŸçš„æ›´éš¾ã€‚ã€‚ã€‚å¤§å®¶éƒ½éœ€è¦ æ”¿åºœ åŒ»é™¢ å„ç§å…³ç³»æˆ·ã€‚ã€‚ã€‚","To be honest, it can be really harder... Everyone needs government hospitals, all kinds of relationship households..."
"4467337674064136","3956972238","3956972238","5347537335","Sun Feb 02 01:56:03 +0800 2020","Sun Feb 02 01:56:03 +0800 2020","åˆ«é—®ï¼Œå†é—®å°±æ˜¯ï¼šå†…ç–šï¼Œè‡ªè´£ï¼Œå¿ƒç—›","Don't ask, ask again is: guilt, self-blame, heartache"
"4467337589842209","1577883265","1577883265","5347537335","Sun Feb 02 01:55:43 +0800 2020","Sun Feb 02 01:55:43 +0800 2020","å•ä½å‘è¿‡ä¸œè¥¿çš„éƒ½çŸ¥é“ï¼ŒçœŸçš„å¾ˆéš¾ï¼","Unit sent things know, really difficult!"
"4467336738224328","1780657292","1780657292","5347537335","Sun Feb 02 01:52:20 +0800 2020","Sun Feb 02 01:52:20 +0800 2020","æ˜¯éš¾ï¼Œè¦æé’±ï¼Œè¿˜è¦æçš„å¤š","It's hard, it's hard to make money, it's going to be much more."
"4467346141900994","6032232684","6032232684","5347537335","Sun Feb 02 02:29:42 +0800 2020","Sun Feb 02 02:29:42 +0800 2020","å¥½ä¸ªé˜´è°‹è®ºï¼Œåˆå‹¾èµ·äº†æˆ‘è¦å†™çƒ‚æ–‡çš„å†²åŠ¨ï¼Œå°±å«é˜´è°‹è®ºå§ã€‚","A conspiracy theory, and the impulse to write bad text, call it conspiracy theory."
"4467340404257794","2001912767","2001912767","5347537335","Sun Feb 02 02:06:53 +0800 2020","Sun Feb 02 02:06:53 +0800 2020","ç¾å›½æ‰æ˜¯é‚ªæ¶è½´å¿ƒ","America is the axis of evil."
"4467336406579713","5299508957","5299508957","5347537335","Sun Feb 02 01:51:01 +0800 2020","Sun Feb 02 01:51:01 +0800 2020","ç¾å›½æœ¬æ¥å°±é˜´é™©å•Š å¸¸è¨€é“é˜²äººä¹‹å¿ƒä¸å¯æ—  ä½•å†µæ˜¯å°äººå‘¢","America is inherently insidious, ah, the saying that the heart of the defense is indispensable, not to mention the villain?"
"4467347731886072","5138787534","5138787534","1861477054","Sun Feb 02 02:36:01 +0800 2020","Sun Feb 02 02:36:01 +0800 2020","ç‹ç‹¸ç²¾æŸ¥é»„é¼ ç‹¼[å¾®ç¬‘]","Foxes check the weasel (smile)"
"4467345450117102","6336230642","6336230642","1861477054","Sun Feb 02 02:26:57 +0800 2020","Sun Feb 02 02:26:57 +0800 2020","çœ‹è¿™äº›è¯æˆ‘åªæƒ³åˆ°å››ä¸ªå­—ï¼Œå† å†•å ‚çš‡","Look at these words I just think of four words, crowning"
"4467343529094082","5604494452","5604494452","1861477054","Sun Feb 02 02:19:18 +0800 2020","Sun Feb 02 02:19:18 +0800 2020","æ€»ä¼šæœ‰å¦‚ä½•å‘¢ï¼Ÿä¸€ç‚¹çœ‹é¢ï¼Œä¾¿çŸ¥å…¨è²Œã€‚","What's going to happen? Look at the face, you know the whole picture."
"4467343210480996","1313187152","1313187152","1861477054","Sun Feb 02 02:18:03 +0800 2020","Sun Feb 02 02:18:03 +0800 2020","ä¸è¦å› ä¸ºä¸€ä¸ªæ­¦æ±‰çº¢åå­—ä¼šå°±å¦å®šæ‰€æœ‰çº¢åå­—ä¼šï¼Œæµ™æ±Ÿçº¢åå­—ä¼šå°±è¿˜ä¸é”™å•Šï¼Œçº¢åå­—æ€»ä¼šä¸‹æ¥ï¼Œåªè¦èƒ½æŠŠé—®é¢˜æŸ¥æ¸…æ¥šï¼ŒæŠŠäº‹æƒ…éƒ½ç†é¡ºï¼Œå¥½å¥½çš„æŠŠææ¬¾æç‰©éƒ½å‘ä¸‹å»ï¼Œä¹Ÿç®—æ˜¯ä¸€ä»¶å¥½äº‹ï¼Œä¸æ‰å¤§å®¶éª‚è¿™ä¹ˆå¤šå¤©","Don't because a Wuhan Red Cross on the negation of all the Red Cross, Zhejiang Red Cross is good ah, the Red Cross will come down, as long as you can find out the problem, put things straight out, good donations are sent down, is also a good thing, do not scold so many days"
"4467341709011468","1940086005","1940086005","1861477054","Sun Feb 02 02:12:05 +0800 2020","Sun Feb 02 02:12:05 +0800 2020","æ˜å¤©ä¸‹é›¨â˜”ï¸","It will rain tomorrowâ˜”ï¸"
"4467341486495952","2793585805","2793585805","1861477054","Sun Feb 02 02:11:11 +0800 2020","Sun Feb 02 02:11:11 +0800 2020","èƒ½æ‰¾å…¬ä¿¡åŠ›å—ï¼Ÿæˆ‘ä»¬è¿˜èƒ½ä¿¡ä»»ä½ ä»¬å—ï¼Ÿ","Can you find credibility? Can we trust you?"
"4467340991217241","5885568937","5885568937","1861477054","Sun Feb 02 02:09:13 +0800 2020","Sun Feb 02 02:09:13 +0800 2020","çœŸä¸¢äººçš„å•ä½","What a shame."
"4467340735471934","5281818632","5281818632","1861477054","Sun Feb 02 02:08:13 +0800 2020","Sun Feb 02 02:08:13 +0800 2020","ä»€ä¹ˆçƒ‚å‡ æŠŠé¸Ÿä¼šï¼Œå°½åƒäººè¡€é¦’å¤´ï¼Œè¿˜æœ‰è„¸","What rotten few birds will, eat human blood, and face"
"4467340551094777","5668301268","5668301268","1861477054","Sun Feb 02 02:07:29 +0800 2020","Sun Feb 02 02:07:29 +0800 2020","ä½ å›¾åˆæ²¡äº†","You're gone again."
"4467340479642609","1145451357","1145451357","1861477054","Sun Feb 02 02:07:12 +0800 2020","Sun Feb 02 02:07:12 +0800 2020","æ¢å¦ä¸€æ‰¹äººæ¥æ”¶å‰²","Another group of people to harvest."
"4467339301032831","5992011020","5992011020","1861477054","Sun Feb 02 02:02:31 +0800 2020","Sun Feb 02 02:02:31 +0800 2020","å†ä¸å»çº¢ä¼šå°±é»„äº†[doge]","It's yellow erred without going to the red party."
"4467338550129914","1858326404","1858326404","1861477054","Sun Feb 02 01:59:32 +0800 2020","Sun Feb 02 01:59:32 +0800 2020","å›å¤@DEMONæ°å°‘:ä¸€ä¸ªç³»ç»Ÿçš„äºº","Replying @DEMON Jay-Z: A System Man"
"4467338122000135","1890893730","1890893730","1861477054","Sun Feb 02 01:57:49 +0800 2020","Sun Feb 02 01:57:49 +0800 2020","æœ‰æ¯›ç”¨","It's hairy."
"4467337527177789","1880604851","1880604851","1861477054","Sun Feb 02 01:55:26 +0800 2020","Sun Feb 02 01:55:26 +0800 2020","ä»“åº“å¤±ç«è­¦å‘Šâš ï¸","Warehouse fire warningâš ï¸"
"4467336939954764","2340878167","2340878167","1861477054","Sun Feb 02 01:53:07 +0800 2020","Sun Feb 02 01:53:07 +0800 2020","å›å¤@YY-å°å…«:ä¼°è®¡æ˜¯æ¥ä¸åŠäº†å…ˆæ•‘ç¾å†è¯´ äº‹åä¸€å¹¶ç®—","Reply @YY -Little Eight: Estimated is too late to first disaster relief and then after the calculation"
"4467336460955534","2945314477","2945314477","1861477054","Sun Feb 02 01:51:14 +0800 2020","Sun Feb 02 01:51:14 +0800 2020","æ²¡ç”¨ è‡ªå·±æ‰“è„¸è‡ªå·±å—  åº”è¯¥ä¸­çºªå§”ä»‹å…¥","No use their own face self-"
"4467348829909715","2642368923","2642368923","2708476577","Sun Feb 02 02:40:22 +0800 2020","Sun Feb 02 02:40:22 +0800 2020","ä¸æ˜¯æ²¡å£ç½©å—ï¼Ÿ[åƒç“œ][åƒç“œ][åƒç“œ]","Isn't it without a mask? (Eat melons) (Eat melons) (Eat melons)"
"4467348658372792","6420879159","6420879159","2708476577","Sun Feb 02 02:39:41 +0800 2020","Sun Feb 02 02:39:41 +0800 2020","çœŸçƒ¦äººï¼","That's annoying!"
"4467343536965311","1562181577","1562181577","2708476577","Sun Feb 02 02:19:21 +0800 2020","Sun Feb 02 02:19:21 +0800 2020","ä¸è¦éš”å•¦ å…¨éƒ¨æ»¿è¡—è·‘[æ€’]","Don't cross the street, run all the way up the street."
"4467342274900336","5979579832","5979579832","2708476577","Sun Feb 02 02:14:20 +0800 2020","Sun Feb 02 02:14:20 +0800 2020","é—¹å§ï¼Œå¥½å¥½é—¹ï¼Œä¸æŸ“ä¸Šè‚ºç‚å¿ƒä¸ç”˜æ˜¯å§","Make it, make a good noise, don't get pneumonia is not willing to"
"4467341670264915","3173288180","3173288180","2708476577","Sun Feb 02 02:11:56 +0800 2020","Sun Feb 02 02:11:56 +0800 2020","é¦™æ¸¯æ˜Ÿå…‰ç’€ç’¨ã€å›½é™…å¤§éƒ½å¸‚å·²æˆä¸ºå†å²ï¼é¦™æ¸¯å¼€å§‹è…åŒ–äº†æ„Ÿè§‰ä¸ç”¨å¤šä¹…å°±å˜å›ä¸€ä¸ªçƒ‚é±¼æ¸¯ï¼ç°åœ¨ä¸æ˜¯ä½ ä»¬è¦æ±‚å°å…³ï¼Œå†…åœ°äººæ°‘æ›´æƒ³å°ä½ ä»¬çš„å…³è‡ªç”Ÿè‡ªç­ï¼","Hong Kong's star-studded, cosmopolitan city has become history! Hong Kong began to corrupt the feeling that it did not take long to turn back to a rotten fish port! Now is not your request to seal off, the mainland people want to seal your customs self-destruction!"
"4467341624303776","1089227282","1089227282","2708476577","Sun Feb 02 02:11:45 +0800 2020","Sun Feb 02 02:11:45 +0800 2020","ç›´æ¥æŠŠè¢«éš”ç¦»äººå£«å¾€é‡Œæ‹‰ï¼Œçœ‹ä»–ä»¬è¿˜æ•¢é è¿‘ä¸[èƒ–çº¢ç”Ÿæ°”]äººäººé‚£ä¹ˆè‡ªç§ï¼Œä¹Ÿå°±åˆ«æ€ªæ²¡äººä¸ºä½ è€ƒè™‘äº†[æ‘Šæ‰‹]","Pull the quarantined people directly to the li, to see if they dare to get close to not everyone so selfish, so don't blame no one for you to consider . . ."
"4467341041185157","1885083745","1885083745","2708476577","Sun Feb 02 02:09:26 +0800 2020","Sun Feb 02 02:09:26 +0800 2020","é‚£å°±ä¸éš”ç¦»å‘—ã€‚ã€‚ã€‚ä¼ ç»™ä½ ä»¬å°±æ˜¯äº†","Then don't isolate... It's passed on to you."
"4467339976376634","1727145501","1727145501","2708476577","Sun Feb 02 02:05:11 +0800 2020","Sun Feb 02 02:05:11 +0800 2020","å†ç¤ºå¨å‡ å¤©ï¼Œä½ ä»¬çš„å£ç½©å°±æ²¡äº†â€¦â€¦åˆ«é—®çˆ¸çˆ¸è¦å“¦ï¼Œçˆ¸çˆ¸å®¶ä¹Ÿæ²¡ä½™ç²®äº†[æ‘Šæ‰‹][æ‘Šæ‰‹][æ‘Šæ‰‹]","For a few more days, your masks were gone... Don't ask Dad to oh, Dad's house has no surplus food . . . . . . . . . . . . . . . . . . . . . . . . . . . . . . . . . . . . . . . . . . . . . . . . . . . ."
"4467339418359998","1845007713","1845007713","2708476577","Sun Feb 02 02:02:59 +0800 2020","Sun Feb 02 02:02:59 +0800 2020","é€‰å“ªå„¿éƒ½æœ‰é—®é¢˜ï¼Œé‚£å°±åˆ«éš”ç¦»äº†å‘—ï¼Œæ”¾åœ¨å¸‚ä¸­å¿ƒ","There's a problem everywhere you choose, so don't isolate it, put it in the city center."
"4467338390458531","1870531790","1870531790","2708476577","Sun Feb 02 01:58:54 +0800 2020","Sun Feb 02 01:58:54 +0800 2020","æˆ‘ç®—æ˜¯æ˜ç™½æ²¹ç®¡ä¸Šå»ºä¸€ä¸ªåŒ»é™¢è¦è®¨è®ºä¸ƒå…«å¹´çš„è¯„è®ºäº†[doge]","I'm pretty sure there's a hospital on the pipeline to discuss the comments of seventy-eight years."
"4467338000932913","1830717741","1830717741","2708476577","Sun Feb 02 01:57:21 +0800 2020","Sun Feb 02 01:57:21 +0800 2020","è„‘æŠ½æ¸¯äºº","Brain pumping Hong Kong people"
"4467337958905720","1934269395","1934269395","2708476577","Sun Feb 02 01:57:10 +0800 2020","Sun Feb 02 01:57:10 +0800 2020","æ ¸çˆ†é¦™æ¸¯ï¼Œæä¹å‡€åœŸ","Nuclear explosion Hong Kong, great joy"
"4467337426165847","2414307133","2414307133","2708476577","Sun Feb 02 01:55:03 +0800 2020","Sun Feb 02 01:55:03 +0800 2020","æŠŠå®ƒä»¬çš„å£ç½©æ¶ˆè€—æ™’[æŒ¤çœ¼][æŒ¤çœ¼]","Consume their masks for the sun."
"4467337061289245","5636053706","5636053706","2708476577","Sun Feb 02 01:53:37 +0800 2020","Sun Feb 02 01:53:37 +0800 2020","æœ‰ç—…äººçš„æ—¶å€™ä¸ç”¨éš”ç¦»ä¸ç”¨åŒ»äº†ï¼Œæ²¡äººæ€§çš„åŠ¨ç‰©è‡ªç”Ÿè‡ªç­å§ï¼","When there are patients do not need to be isolated without medical treatment, the human animalself self-destruction!"
"4467336721410404","2454767374","2454767374","2708476577","Sun Feb 02 01:52:15 +0800 2020","Sun Feb 02 01:52:15 +0800 2020","å»ºå¤§å¸½å±±è¯¥æ²¡äººåå¯¹[åç¬‘]","Build big hat mountain no one should object to the bad laugh"
"4467336444676860","1716329233","1716329233","2708476577","Sun Feb 02 01:51:10 +0800 2020","Sun Feb 02 01:51:10 +0800 2020","çœ‹ç€ä»–ä»¬æŒºæƒ¨çš„ï¼Œè‡ªæˆ‘è¿«å®³å¦„æƒ³ç—‡è¿™ä¹ˆä¸¥é‡","watching them quite miserable, self-persecuting paranoia so serious"
"4467336252060663","3491943130","3491943130","2708476577","Sun Feb 02 01:50:24 +0800 2020","Sun Feb 02 01:50:24 +0800 2020","åˆæŠ—è®®äº†[æŒ–é¼»]","And protested again."
"4467335945224483","7311591437","7311591437","2708476577","Sun Feb 02 01:49:11 +0800 2020","Sun Feb 02 01:49:11 +0800 2020","å›å¤@é”home:æ”¯æŒğŸ‘ğŸ‘","Reply to the home: support ğŸ‘ğŸ‘"
"4467335820055441","1908090455","1908090455","2708476577","Sun Feb 02 01:48:41 +0800 2020","Sun Feb 02 01:48:41 +0800 2020","é¦™æ¸¯ç—…å…¥è†è‚“ æ¯”ç°åœ¨çš„æ­¦æ±‰ç–«æƒ…ä¸¥é‡å¤šäº†[æ±—][æ±—][æ±—]","Hong Kong is sicker than the current outbreak in Wuhan."
"4467335643983940","6701488885","6701488885","2708476577","Sun Feb 02 01:47:58 +0800 2020","Sun Feb 02 01:47:58 +0800 2020","å£ç½©ğŸ˜·ç»™ä»–ä»¬å°±æ˜¯è¿™æ ·å­ç”¨çš„ï¼ŸçœŸæµªè´¹[åƒç“œ]","That's how ğŸ˜· masks are used for them? It's a waste of melons."
"4467335320160441","2108602621","2108602621","2708476577","Sun Feb 02 01:46:42 +0800 2020","Sun Feb 02 01:46:42 +0800 2020","æˆ‘çœŸçš„æœ‰ç‚¹çƒ¦è¿™äº›äººäº†ï¼Œè„‘å­é‡Œæ˜¯è£…äº†ğŸ’©è¿˜æ˜¯æ°´æ³¥ï¼Ÿï¼å¤©ç¾äººç¥¸éƒ½å¯ä»¥æ‹¿æ¥ç©ï¼Œè¿˜æ˜¯äººå—ï¼Ÿï¼","I'm really a little annoyed with these people, is the ğŸ’© or cement in my head?! Natural and man-made disasters can be used to play, or people?!"
"4467335068445773","2445181371","2445181371","2708476577","Sun Feb 02 01:45:41 +0800 2020","Sun Feb 02 01:45:41 +0800 2020","é‚£å°±åˆ«éš”ç¦»äº†ï¼Œä¸€æ•´çªå…¨éƒ¨å»ä¸­ç—…æ¯’å§[å¾®ç¬‘]","Then don't isolate, a whole nest to go to the virus . . . . . . . . . . . . . . . . . . . . . . . . . . . . . . . . . . . ."
"4467341163654440","2155899243","2155899243","1861477054","Sun Feb 02 02:09:54 +0800 2020","Sun Feb 02 02:09:54 +0800 2020","ğŸ‡¯ğŸ‡µäººå› ä¸ºæ²¡æœ‰æŠŠä¾¨æ°‘å…¨éƒ¨æ’¤ç¦»å›å›½åˆ¨è…¹äº†ã€æ‚¨å‘¢ï¼Ÿ","ğŸ‡¯ğŸ‡µ people because they did not evacuate all the expatriates to return home, you?"
"4467340731271761","5261869306","5261869306","1861477054","Sun Feb 02 02:08:12 +0800 2020","Sun Feb 02 02:08:12 +0800 2020","æå‡æ˜¯è¿™ä¹ˆç”¨çš„ï¼Ÿï¼Ÿï¼Ÿ[é»‘çº¿]å¥½åƒå¾ˆæœŸå¾…äººæ•°ä¸Šæ¶¨çš„æ ·å­","That's how promotion is used??? The black line seems to be looking forward to the numbers going up."
"4467340630679788","1940086005","1940086005","1861477054","Sun Feb 02 02:07:48 +0800 2020","Sun Feb 02 02:07:48 +0800 2020","é»„å†ˆä¹‹ä¹±","Huanggang's Chaos"
"4467338315685882","6226815854","6226815854","1861477054","Sun Feb 02 01:58:36 +0800 2020","Sun Feb 02 01:58:36 +0800 2020","å›å¤@å…°å·å¾®èšç„¦:è¥é”€å·ï¼Ÿ","Reply to the Lanzhou Micro Focus: Marketing No."
"4467336163835787","1952199151","1952199151","1861477054","Sun Feb 02 01:50:02 +0800 2020","Sun Feb 02 01:50:02 +0800 2020","å¤©ä½‘ä¸­å å¤©ä½‘ä¸­å é£é›¨å‹ä¸å® è‹¦éš¾ä¸­å¼€èŠ± ç¥¥äº‘é£˜å››æ–¹ è£è€€ä¼ å¤©ä¸‹ çœŸå¿ƒç¥ˆç¥· å¤©ä½‘ä¸­å æ„¿æ‚¨å¹³å®‰æ˜Œç›› ç”Ÿç”Ÿä¸æ¯","God bless China God Bless China Wind and rain can not collapse the flowering in the good clouds floating four glorious spread to the world sincerely pray God bless China May you live in peace and prosperity"
"4467335609806286","6112526877","6112526877","1861477054","Sun Feb 02 01:47:51 +0800 2020","Sun Feb 02 01:47:51 +0800 2020","åšä¸»çš„åšæ–‡å†™çš„å¾ˆå¥½ï¼Œæˆ‘ä»”ç»†çœ‹çœ‹ã€‚","The blogger's blog post is well written, I take a closer look."
"4467335467388075","2013610727","2013610727","1861477054","Sun Feb 02 01:47:17 +0800 2020","Sun Feb 02 01:47:17 +0800 2020","å›å¤@ç™½ç³–è‘«èŠ¦T:å…¨å›½[å¤±æœ›]","Reply to the Sugar Hulu T: National . . ."
"4467335413003046","2013610727","2013610727","1861477054","Sun Feb 02 01:47:04 +0800 2020","Sun Feb 02 01:47:04 +0800 2020","å›å¤@ç™½ç³–è‘«èŠ¦T:å·²ç»ä¸Šä¸‡äº†[å¤±æœ›]","Reply to the Sugar Hulu T: It's already in the tens of thousands . . ."
"4467335220150862","5481491085","5481491085","1861477054","Sun Feb 02 01:46:18 +0800 2020","Sun Feb 02 01:46:18 +0800 2020",".åœ¨æˆ‘é¢„æ–™ä¹‹ä¸­ï¼Œé¢„è®¡ä¸‡äººä¿åº•",".In my expectation, I expect the bottom of the millions"
"4467345802518797","3847124365","3847124365","2708476577","Sun Feb 02 02:28:21 +0800 2020","Sun Feb 02 02:28:21 +0800 2020","å›å¤@å¾®å°å°å°å°å·:çœŸä¼šè¯´è¯ï¼[good]","Reply to the small small trumpet: really can talk! (good)"
"4467345416357872","2591265995","2591265995","2708476577","Sun Feb 02 02:26:49 +0800 2020","Sun Feb 02 02:26:49 +0800 2020","å°±æ˜¯é—²çš„ï¼Œå¤§æ£’æ”¿ç­–å…¨ç‰¹ç è€å®","Is idle, big stick policy all special code honest"
"4467339808967687","2761726717","2761726717","2708476577","Sun Feb 02 02:04:32 +0800 2020","Sun Feb 02 02:04:32 +0800 2020","ç¾åœ¨é‚„åœ¨é¬§ï¼Ÿ","Still in trouble?"
"4467336129664019","1691932780","1691932780","2708476577","Sun Feb 02 01:49:55 +0800 2020","Sun Feb 02 01:49:55 +0800 2020","ä¸€ç¾¤çŒª","A flock of pigs."
"4467334833590302","2823938924","2823938924","2708476577","Sun Feb 02 01:44:46 +0800 2020","Sun Feb 02 01:44:46 +0800 2020","å”‰ğŸ˜”ï¼Œçè´µçš„å£ç½©","AlasğŸ˜”, precious masks."
"4467334377369480","2648585807","2648585807","2708476577","Sun Feb 02 01:42:57 +0800 2020","Sun Feb 02 01:42:57 +0800 2020","ç”Ÿæ´»å¾ˆå‹æŠ‘ã€‚å®¶é‡Œå¤ªå°ã€‚è­¦ç½²å¤§ï¼ï¼ï¼ï¼","Life is depressing. The home is too small. Police Department !!!!"
"4467339393498404","1004615345","1004615345","6011391162","Sun Feb 02 02:02:53 +0800 2020","Sun Feb 02 02:02:53 +0800 2020","åˆ«æŠŠä»çˆ±å’Œå¤©ä½‘åˆ’ç­‰å·ï¼Œå¤©ä½‘å°±æ˜¯åŸé“è·¯åŒ»é™¢ï¼Œ9å‡ å¹´å·²æ˜¯ä¸‰ç”²åŒ»é™¢ï¼Œç°åœ¨æ˜¯ç§‘å¤§é™„å±åŒ»é™¢ï¼Œå’ŒåŒæµåŒ»é™¢æ˜¯å…„å¼ŸåŒ»é™¢ï¼Œä»Šå¤©æµ™æ±Ÿçš„åŒ»ç–—é˜Ÿå…¨é¢æ¥ç®¡å¤©ä½‘æ–°é™¢åŒº","Don't put charity and Tianyou equal number, Tianyou is the original railway hospital, 9 years has been the sana hospital, is now the University of Science and Technology affiliated hospital, and Tongji Hospital is a brother hospital, today Zhejiang's medical team took over the Tianyou New Hospital District"
"4467338780872756","3205404742","3205404742","6011391162","Sun Feb 02 02:00:27 +0800 2020","Sun Feb 02 02:00:27 +0800 2020","è¿™å¸®ç•œç‰² åšä¸ªäººè¡Œå—  ä»çˆ±åŒ»é™¢æ”¶æ²»äº†åŠä¸ªå‘çƒ­ç—…äººä¹ˆï¼Ÿ","Are these animals doing personal work, and the hospital has treated half a fever patient?"
"4467338109956680","7031841019","7031841019","6011391162","Sun Feb 02 01:57:47 +0800 2020","Sun Feb 02 01:57:47 +0800 2020","è°‹ä½“è¯­è®ºè·Ÿç—…æ¯’ä¸€æ ·å­˜åœ¨ï¼Œè¯­è®ºæ˜¯ç‰‡é¢çš„ï¼Œæ²¡æœ‰ä»å…¨å±€çš„è§’åº¦çœ‹é—®é¢˜ï¼Œæˆ‘è®¤ä¸ºå¤§å®¶çš„è¯­è®ºåº”è¯¥ç›‘ç£æ”¹å–„æ”¿åºœä¸è¶³ä¹‹å¤„ï¼Œä¸æ˜¯ä¸€æ£æ‰“æ­»ï¼Œæˆ‘ä»å§‹è‡³ç»ˆéƒ½æ”¯æŒæ”¿åºœå®è§‚è°ƒæ§é…ç½®ã€‚","Conspiracy theory exists like a virus, the discourse is one-sided, does not look at the problem from a global perspective, I think everyone's discourse should supervise the improvement of the government's shortcomings, not a stick to kill, I have always supported the government's macro-control configuration."
"4467336596007309","1763081727","1763081727","6011391162","Sun Feb 02 01:51:46 +0800 2020","Sun Feb 02 01:51:46 +0800 2020","è¿™äººæ˜¯ä¸çŸ¥é“ç°åœ¨å‘ç”Ÿä»€ä¹ˆäº‹å—ï¼Ÿï¼Ÿï¼Ÿ","Doesn't the man know what's going on now???"
"4467336583396296","1898464397","1898464397","6011391162","Sun Feb 02 01:51:43 +0800 2020","Sun Feb 02 01:51:43 +0800 2020","ä¸è¦ç¢§è²","Don't be Alil."
"4467336134104612","7378966855","7378966855","6011391162","Sun Feb 02 01:49:56 +0800 2020","Sun Feb 02 01:49:56 +0800 2020","ç»™å¤§å®¶è®²ä¸ªç¬‘è¯  ï¼Œå¤®è§†è®°è€…è¿›å¾—äº†å™åˆ©äºšæˆ˜åœº     è¿›å¾—äº†å·´è¥¿è´©æ¯’çªç‚¹   è¿›ä¸å»è‡ªå·±å›½å®¶æ¹–åŒ—çº¢åå­—çš„ä»“åº“","Tell everyone a joke, CCTV reporters into the Syrian battlefield into the Brazilian drug trafficking den into their own country Hubei Red Cross warehouse"
"4467334221552473","1644120734","1644120734","6011391162","Sun Feb 02 01:42:19 +0800 2020","Sun Feb 02 01:42:19 +0800 2020","ï¼Ÿï¼Ÿï¼Ÿ","ï¼Ÿï¼Ÿï¼Ÿ"
"4467333156732460","5523533122","5523533122","6011391162","Sun Feb 02 01:38:06 +0800 2020","Sun Feb 02 01:38:06 +0800 2020","Hi~æ‚¨å¥½ï¼Œæ‚¨çš„å¾®åšå·²è¢«åˆ›å»ºåŒåé—®é¢˜ï¼Œæ­¤é—®é¢˜ä¼šå¸å¼•æ›´å¤šç”¨æˆ·å‚ä¸è®¨è®ºï¼Œç»™æ‚¨çš„å¾®åšå¸¦æ¥æ›´é«˜æ›å…‰å’Œäº’åŠ¨é‡~æˆ³â†’â†’http://t.cn/A6P09dGf","Hi- Hello, your microblog has been created with the same name, this question will attract more users to participate in the discussion, to your microblog to bring a higher amount of exposure and interaction to the blog . . . http://t.cn/A6P09dGf"
"4467350533153316","1813187424","1813187424","1861477054","Sun Feb 02 02:47:09 +0800 2020","Sun Feb 02 02:47:09 +0800 2020","6000ä¸€å¤©å—ï¼ŸçœŸæ‘¯è‡‰çš„å•","6000 days? A sincere face of questioning."
"4467344866996313","1868015621","1868015621","1861477054","Sun Feb 02 02:24:38 +0800 2020","Sun Feb 02 02:24:38 +0800 2020","ç›¸ä¿¡æ”¿åºœï¼Œ2æœˆ3å·æˆ‘ä»¬ç­‰ç€æ¥æ›¿ä½ ä»¬ï¼Œä½ ä»¬è¯¥ä¼‘æ¯äº†ï¼Œæˆ‘ä»¬è¯¥å€¼ç­äº†[æ„Ÿå†’][å¤ªé˜³][åƒç“œ][å–µå–µ][èµ]ğŸ™[åŠ æ²¹]","Trust the government, February 3rd we are waiting to replace you, you should rest, we should be on duty . . . . ğŸ™ . . . . . . . . . . . . . . . . . . . . . . . . . . . . . . . . . . . . . . . . . . . . . . . . . . . . . . . . . . . . . . . . . . . . . . . . . . . . . . . . . . . . . ."
"4467344028181640","1874869887","1874869887","1861477054","Sun Feb 02 02:21:18 +0800 2020","Sun Feb 02 02:21:18 +0800 2020","æ‰6åƒ       åˆ«äººæ‹¿å‘½æ‰6åƒ      çº¢åå­—å¾—æ¥çš„ç‰©èµ„å’Œé’±æ€ä¹ˆç®—","It's only 6,000, and it's only 6,000, how does the material and money that the Red Cross get sage?"
"4467343398605756","3232072061","3232072061","1861477054","Sun Feb 02 02:18:48 +0800 2020","Sun Feb 02 02:18:48 +0800 2020","å›å¤@è‘£Â·å°‘å¹´:æ°´å¹³å•Šï¼Œäº²ã€‚æˆ‘ä»¬ç§‘å®¤ä¸»ä»»ä¸Šå»è¯´éƒ½æ¯”è¿™ä¸ªå¼ºã€‚å°åŒºå¤§å¦ˆä¹Ÿèƒ½æ‹”ä¸ªé«˜ã€‚å°±è·Ÿé‚£ä¸ªåå­—äº‹æƒ…ï¼Œè‚¯å®šè¿™ä¸ªé—®é¢˜ä¼šè§£å†³çš„ï¼Œä½†å¾ˆå¤šå¸¦è·¯å…šå°±è¿™ä¹ˆé—¹ï¼Œä¹ŸçœŸæœ‰ä¸€äº›äººå°±è·Ÿè¿›ï¼Œä½ çœ‹é‚£æ¶åŠ¿ï¼Œæ­£å¸¸äººä¸ä¼šé‚£æ ·å„¿çš„ã€‚è¿™ä¹ˆæ•´ï¼Œæ¸¯å°ä¸æ›´æœ‰çš„è¯´äº†ï¼Ÿç®—äº†ï¼Œä¸€è¯´å°±æ°”ã€‚å›½å†…å…¬çŸ¥æ¨å›½å…šè¿™å›å¯å¼€å¿ƒäº†ã€‚å”‰é…åˆå›½å®¶æ§åˆ¶ç–«æƒ…","Reply to the smh.com.au: Level, pro. The director of our department room said that they were better than this. The community aunt can also pull a high. Just with that cross thing, i'm sure this problem will be solved, but a lot of road-party is so noisy, there are really some people to follow up, you see that situation, normal people will not be like that. So complete, Hong Kong and Taiwan do not have more to say? Come on, just say it. The domestic well-known hate the National Party this time can be happy. Alas, cooperate with the state to control the outbreak"
"4467340769341489","2793585805","2793585805","1861477054","Sun Feb 02 02:08:21 +0800 2020","Sun Feb 02 02:08:21 +0800 2020","çº¢åå­—ä¼šçš„äº‹æƒ…èƒ½æ•´æ˜ç™½å—ï¼Ÿ","Can the Red Cross figure out?"
"4467340357425582","1014690274","1014690274","1861477054","Sun Feb 02 02:06:42 +0800 2020","Sun Feb 02 02:06:42 +0800 2020","å›å¤@é¹å§¨:å¿ƒç´¯å¿ƒç´¯[å…æ‚²]","Reply to the \"
"4467340047555635","1736947503","1736947503","1861477054","Sun Feb 02 02:05:29 +0800 2020","Sun Feb 02 02:05:29 +0800 2020","ç°åœ¨å·²ç»ä¸æ˜¯é’±çš„é—®é¢˜äº†ï¼Œä»–ä»¬éœ€è¦çš„æ˜¯ä¼‘æ¯ã€‚","It's not about money anymore, they need rest."
"4467339913779548","3232072061","3232072061","1861477054","Sun Feb 02 02:04:56 +0800 2020","Sun Feb 02 02:04:56 +0800 2020","å›å¤@è‘£Â·å°‘å¹´:å¤ªæ²¡æ°´å¹³äº†[å…æ‚²] è¿™ç§å¥‰çŒ®ç²¾ç¥ã€‚ã€‚ã€‚å”‰ï¼Œå¤ªä»¤äººå¤±æœ›äº†ã€‚ã€‚ç®—äº†ï¼Œåˆ«è¯´äº†å§ã€‚å…ˆç­‰æ§åˆ¶ä½ç–«æƒ…ä»¥åå†è¯´å§","Reply to the smh.com.au: It's so untouchable. Alas, it's disappointing. Come on, don't say it. Wait until we get the outbreak under control."
"4467339409953091","2115503990","2115503990","1861477054","Sun Feb 02 02:02:57 +0800 2020","Sun Feb 02 02:02:57 +0800 2020","å›å¤@Alex_aquarius:æˆ‘é‡‡ç”¨çš„å¯æ˜¯çº¢ï¼‹çš„ç®—æ³•  ä½ ä»¬å‡¡äººæ€ä¹ˆçœ‹å¾—æ‡‚[åƒç“œ]æˆ‘è¯´æ˜¯å‡ å°±æ˜¯å‡ [äºŒå“ˆ]","Reply @Alex_aquarius: I use the red algorithm, you mortals how to understand the understanding of the melon, I said is a few are a few . . ."
"4467338470643795","6280557130","6280557130","1861477054","Sun Feb 02 01:59:12 +0800 2020","Sun Feb 02 01:59:12 +0800 2020","å¤ªå°‘äº†","Too little."
"4467336821650675","2642368923","2642368923","1861477054","Sun Feb 02 01:52:39 +0800 2020","Sun Feb 02 01:52:39 +0800 2020","é˜²æŠ¤ç”¨å“å…ˆç»™å‰çº¿çš„åŒ»æŠ¤äººå‘˜è§£å†³äº†å…ˆå§[æŒ–é¼»][æŒ–é¼»][æŒ–é¼»]","Protective supplies first to the front-line medical staff to solve the first . . . . . . . . . . . . . . . . . . . . . . . . . . . . . . . . . . . . . . . . . . . . . . ."
"4467336453331470","2948843250","2948843250","1861477054","Sun Feb 02 01:51:11 +0800 2020","Sun Feb 02 01:51:11 +0800 2020","å›å¤@åˆ©å¥¥æ³¢å¾·è²å…¹:ä½ åœ¨å¼€ç©ç¬‘å—ï¼Ÿï¼Ÿï¼ŸåŠ ä¸Šå¹´åº•åˆ†çº¢å¹³å‡ä¸‹æ¥ä¼°è®¡æ˜¯1/16","Reply to the sleaze: Are you kidding us??? Plus the end-of-year dividend is estimated to be 1/16"
"4467336247858422","1787029653","1787029653","1861477054","Sun Feb 02 01:50:24 +0800 2020","Sun Feb 02 01:50:24 +0800 2020","ğŸ˜“ï¼Œ6000","ğŸ˜“ï¼Œ6000"
"4467335543350262","1014690274","1014690274","1861477054","Sun Feb 02 01:47:34 +0800 2020","Sun Feb 02 01:47:34 +0800 2020","â€œä½ ä»¬â€å¯¹å¾—èµ·åœ¨å‰çº¿æ‹¿å‘½å¥‹æ–—çš„åŒ»æŠ¤äººå‘˜å—ï¼Ÿå¯¹å¾—èµ·å¤§ä¼—æçš„æ¯ä¸€åˆ†å¿ƒæ„å—ï¼Ÿå¯¹å¾—èµ·é‚£ä¸ªæ‹¾è’æ‰“çˆ·çš„çˆ±å›½ä¹‹å¿ƒå—ï¼Ÿæˆ‘ä»¬è€ç™¾å§“çœŸæ˜¯å¿ƒç—›å•Šï¼Œæ¨é“ä¸æˆé’¢å•Šï¼ç¥–å›½ï¼Œä½ è¦é¡¶ä½ï¼","\"
"4467335316836683","1281865865","1281865865","1861477054","Sun Feb 02 01:46:41 +0800 2020","Sun Feb 02 01:46:41 +0800 2020","ç‰©è´¨å¥–åŠ±è§‰å¾—è¿˜ä¸å¤Ÿï¼Œèƒ½å†å¤šå‡ ä¸ªæ–¹é¢åœ¨å¥–åŠ±å°±æ›´å¥½äº†ï¼Œç²¾ç¥å¥–åŠ±æ˜¯ä¸æ˜¯å¯ä»¥å€Ÿé‰´(ä¸¾ä¸ªä¾‹ ï¼‰ä¸€äººå‚å†›å…¨å®¶å…‰è£  å†›çƒˆå± é‚£æ ·","Material reward feel is not enough, can more than a few aspects in the reward is better, spiritual reward is not can learn from (to give an example) a person to join the army family glorious military martyrs so"
"4467334846455369","6112526877","6112526877","1861477054","Sun Feb 02 01:44:49 +0800 2020","Sun Feb 02 01:44:49 +0800 2020","æ¥çœ‹çœ‹æœ€å¥½çš„ä½ ï¼Œä¸ºä½ æ‰“CALLã€‚","Take a look at the best of you and hit CALL for you."
"4467334682535354","6155144829","6155144829","1861477054","Sun Feb 02 01:44:10 +0800 2020","Sun Feb 02 01:44:10 +0800 2020","æ­¦æ±‰GDPé«˜ï¼Œå…¨å›½äººæ°‘éƒ½æ˜¯æ”¯æŒå¤šç»™é’±","Wuhan's GDP is high, and the whole country is supporting more money"
"4467334494207750","6939500507","6939500507","1861477054","Sun Feb 02 01:43:25 +0800 2020","Sun Feb 02 01:43:25 +0800 2020","ä¸å¤Ÿï¼èµ·ç 6ä¸‡ï¼äººå‘½å…³å¤©","Enough! At least 60,000! People's lives are at sand."
"4467334331114661","7295527781","7295527781","1861477054","Sun Feb 02 01:42:46 +0800 2020","Sun Feb 02 01:42:46 +0800 2020","ç°åœ¨è¦çš„æ˜¯é˜²æŠ¤ç‰©èµ„ï¼Œæ¯”é’±é‡è¦ï¼Œæœ‰ç©ºå°±å¤šå»æ‰¾å‡ ä¸ªå£ç½©å‡ ä»¶é˜²æŠ¤æœï¼Œç—…äº†éƒ½æ²¡æœºä¼šç”¨é‚£äº›é’±ã€‚","Now want is protective materials, more important than money, free to find a few masks a few protective clothing, sick did not have the opportunity to use those money."
"4467334162954995","6023605066","6023605066","1861477054","Sun Feb 02 01:42:06 +0800 2020","Sun Feb 02 01:42:06 +0800 2020","é¦–å…ˆæŠŠæœ€åŸºæœ¬çš„é˜²æŠ¤é—®é¢˜è§£å†³äº†å†è¯´å§ï¼è¦æ˜¯çœŸçš„è¢«ä¼ æŸ“äº†è°tmç¨€ç½•è¿™6000å—ï¼","First of all, the most basic protection problem solved again! If it's really infected who's rare this 6000 pieces!"
"4467334083354382","2115503990","2115503990","1861477054","Sun Feb 02 01:41:47 +0800 2020","Sun Feb 02 01:41:47 +0800 2020","å›å¤@LeoMaizi:å¤§æ¦‚æ˜¯1/4","Reply @LeoMaizi: about 1/4"
"4467333924124919","6146436984","6146436984","1861477054","Sun Feb 02 01:41:09 +0800 2020","Sun Feb 02 01:41:09 +0800 2020","å…ˆè®©ç‰©èµ„ä¾›åº”ä¸Šå†è¯´å§ï¼ç‰©èµ„ä¾›åº”ä¸ä¸Šï¼ŒåŒ»æŠ¤äººå‘˜å¤„äºå±é™©çš„ç¯å¢ƒä¸­ï¼Œç»™å†å¤šé’±æœ‰ä»€ä¹ˆç”¨ï¼Ÿ","Let the supplies go on first! Supplies are not available, medical staff are in a dangerous environment, what is the use of giving more money?"
"4467333689390235","6336445213","6336445213","1861477054","Sun Feb 02 01:40:13 +0800 2020","Sun Feb 02 01:40:13 +0800 2020","å¼„å¥½åå‹¤ä¿éšœæ¯”ä»€ä¹ˆéƒ½å¼ºã€‚","Getting the logistics better than anything else."
"4467333462716772","2130043763","2130043763","1861477054","Sun Feb 02 01:39:19 +0800 2020","Sun Feb 02 01:39:19 +0800 2020","è¿˜ä¸å¦‚é»‘åå­—ä¼šåŠä¸ªæœˆçš„å·¥èµ„","It's not as good as the Half-Month salary of the Black Cross."
"4467333223752522","5907504220","5907504220","1861477054","Sun Feb 02 01:38:22 +0800 2020","Sun Feb 02 01:38:22 +0800 2020","å¤§å“¥ï¼Œè°ç¨€ç½•å•Š","Big brother, who's rare?"
"4467333189531643","3490809510","3490809510","1861477054","Sun Feb 02 01:38:14 +0800 2020","Sun Feb 02 01:38:14 +0800 2020","çœŸå¤šâ€¦â€¦[doge]","That's a lot... (doge)"
"4467347085894924","6389419854","6389419854","6389419854","Sun Feb 02 02:33:27 +0800 2020","Sun Feb 02 02:33:27 +0800 2020","æˆ‘æ”¯æŒå°å…³ï¼Œä»¥å‰ä¸é¸Ÿä½ ï¼Œç°åœ¨æ›´åŠ æ²¡æ—¶é—´é¸Ÿä½  â€‹â€‹â€‹â€‹#22å²æ„ŸæŸ“ç§‘æŠ¤å£«çš„æ‰‹##ä½ ä¼šå»æŠ¢åŒé»„è¿å—# â€‹","I support sealing, before not bird you, now more no time to bird you #22å²æ„ŸæŸ“ç§‘æŠ¤å£«çš„æ‰‹ s#ä½ ä¼šå»æŠ¢åŒé»„è¿å—"
"4467344875396287","5347537335","5347537335","5347537335","Sun Feb 02 02:24:40 +0800 2020","Sun Feb 02 02:24:40 +0800 2020","æ˜¨å¤©ï¼Œä½“è‚²ä¸­å¿ƒä¸œé—¨é—¨å£èŠ±å¸‚è£…é¥°æ¶ç€ç«ï¼Œåˆæ­¥åˆ¤æ–­èµ·ç«åŸå› ä¸ºæ‹†å¸è£…é¥°æ¶æ—¶ï¼Œç”µç„Šå¼•ç‡ƒææ–™ç€ç«ï¼Œæ— äººå‘˜ä¼¤äº¡ã€‚

èŠ‚å‰è¿˜å»é‚£é‡Œä¹°èŠ±å‘¢ï¼ â€‹","Yesterday, the sports center east gate flower market decoration frame on fire, the preliminary judgment of the cause of the fire for the removal of decorative frame, welding ignited material on fire, no casualties.\n\nGo there before the festival to buy flowers!"
"4467343486458659","2708476577","2708476577","2708476577","Sun Feb 02 02:19:08 +0800 2020","Sun Feb 02 02:19:08 +0800 2020","é¦™æ¸¯åŒ»ç®¡å±€å‘˜å·¥é˜µçº¿è”ç›Ÿæ˜¨æ—¥å‘èµ·ç½¢å·¥æŠ•ç¥¨ï¼Œæ˜¾ç¤º3123ç¥¨æ”¯æŒã€10ç¥¨åå¯¹ã€23ç¥¨å¼ƒæƒåŠ8ç¥¨æ— æ•ˆï¼Œå¤§æ¯”æ•°é€šè¿‡å‘åŠ¨ç½¢å·¥ã€‚

ç½¢å·¥å…±æœ‰9000ä½™ååŒ»æŠ¤è”ç½²ï¼Œå°†äºå‘¨ä¸€(3æ—¥)å¼€å§‹ï¼Œæä¾›éç´§æ€¥æœåŠ¡çš„åŒ»æŠ¤ä¼šç‡å…ˆè¿›è¡Œç½¢å·¥ï¼Œè‹¥å½“å±€æœªæœ‰åˆ‡å®æ–¹æ¡ˆï¼Œæä¾›ç´§æ€¥æœåŠ¡çš„åŒ»æŠ¤ä¼šç´§éšè¿›è¡Œç½¢å·¥ã€‚

çœŸæ˜¯å¯è€»ï¼ â€‹","The Hong Kong Hospital Authority's Staff Front Coalition yesterday launched a strike vote, showing 3,123 votes in favour, 10 against, 23 abstentions and 8 invalidvotes.\n\nThe strike, which has more than 9,000 medical services, will begin on Monday ( 3 ) , with non-emergency services providing the first strike and, if there is no practical plan , the emergency services will follow .\n\nWhat a shame!"
"4467342454917791","3488787807","3488787807","3488787807","Sun Feb 02 02:15:03 +0800 2020","Sun Feb 02 02:15:03 +0800 2020","ç½‘ä¼ ç”¨åƒåœ¾è¢‹ã€éš”ç¦»è¡£åˆ¶ä½œé˜²æŠ¤æœå’Œå£ç½©ï¼Œæ­¦æ±‰åå’ŒåŒ»é™¢å…šå§”å‰¯ä¹¦è®°ï¼šä¸æ˜¯åå’ŒåŒ»é™¢çš„ç…§ç‰‡ http://t.cn/A6P0pB8C â€‹","Net transmission with garbage bags, isolation clothing to make protective clothing and masks, Wuhan Concord Hospital Party Secretary: not Concord Hospital photos http://t.cn/A6P0pB8C"
"4467342417754191","2708476577","2708476577","2708476577","Sun Feb 02 02:14:54 +0800 2020","Sun Feb 02 02:14:54 +0800 2020","ã€é¦™æ¸¯æ–°å¢1åç¡®è¯Šç—…ä¾‹ï¼Œç´¯è®¡14ä¾‹ã€‘

80å²ç”·æ‚£è€…ï¼Œä»–åœ¨1æœˆ10æ—¥ç»ç½—æ¹–å£å²¸åˆ°å†…åœ°é€—ç•™æ•°å°æ—¶ï¼Œä¹‹ååœ¨1æœˆ17æ—¥ä¹˜é£æœºç”±é¦™æ¸¯åˆ°æ—¥æœ¬ä¸œäº¬ï¼Œæ•°æ—¥ååœ¨åŒæœˆ20æ—¥åœ¨æ—¥æœ¬æ¨ªæ»¨ä¸Šèˆ¹åé‚®è½®ï¼Œ5æ—¥åæŠµè¾¾é¦™æ¸¯å¯å¾·é‚®è½®ç å¤´ã€‚

é˜²æŠ¤ä¸­å¿ƒæŒ‡å‡ºï¼Œè¿™åæ‚£è€…è¿‡å¾€å¥åº·è‰¯å¥½ï¼Œä¸å¤ªå¤ªåŒä½ï¼Œæ—©å‰ä¸ä¸¤åå¥³å„¿åˆ°æ—¥æœ¬æ—…è¡Œã€‚ä»–åœ¨ä¸Šæœˆ19æ—¥èµ·å’³...å…¨æ–‡ï¼š http://m.weibo.cn/2708476577/4467342417754191 â€‹","1 new confirmed case in Hong Kong, a total of 14 cases\n\nThe 80-year-old male patient spent several hours in the Mainland via the Lo Wu port on January 10, then flew from Hong Kong to Tokyo, Japan on 17 January, and arrived at Kai Tak Cruise Terminal in Hong Kong five days later on a cruise ship in Yokohama, Japan, on 20 January.\n\nThe patient was in good health and lived with his wife and had earlier traveled to Japan with his two daughters, the CDC said. He's been coughing since the 19th of last month... Full text: http://m.weibo.cn/2708476577/4467342417754191"
"4467341817360515","1689283487","1689283487","1689283487","Sun Feb 02 02:12:30 +0800 2020","Sun Feb 02 02:12:30 +0800 2020","[å…æ‚²]//@å†¥å›½ä¹‹å›:å¥½åƒæ˜¯åè£”çš„å¤§å§å›è¿‡å¤´æ— å¥ˆçš„çœ‹æ¥å¯æ€œçš„è®°è€…ä¸€çœ¼ã€‚","The king of the country: it seems that the chinese big sister looks helpless to look at the poor reporter."
"4467339095343193","6011391162","6011391162","6011391162","Sun Feb 02 02:01:42 +0800 2020","Sun Feb 02 02:01:42 +0800 2020","æœ€é«˜äººæ°‘æ³•é™¢ä¸ºæ­¦æ±‰çš„8ä½â€œé€ è°£è€…â€å¹³åï¼Œæœ€é«˜é™¢å€¼å¾—ç‚¹å‡»[good][good][good] â€‹","The Supreme People's Court has been the antidoc to the eight \"
"4467337325201508","1957645623","1957645623","1957645623","Sun Feb 02 01:54:40 +0800 2020","Sun Feb 02 01:54:40 +0800 2020","ä»–ä»¬å¬ä¸åˆ°å•Š[å¤±æœ›]//@é‚„å¥½é€™ä¸–ç•Œä¸Šæ²’æœ‰ç¥:å›è¦†@ç»†å¬é’å±±:é¦™æ¸¯äººè®“æ³›æ°‘å¤§å‹ï¼Œä¹‹å¾Œå’§? å°ç£äººè®“ç¶ ç‡Ÿå¤§å‹ï¼Œä¹‹å¾Œå’§? å‰è€…ç¶“æ¿Ÿå¤§æï¼Œå¾Œè€…é’å¹´å‡ºå³¶ï¼Œåªæ˜¯æ²’æœ‰äººèƒ½å¤§è²èªªï¼Œé‚„è¢«è½è¦‹ã€‚åª’é«”æ˜¯è³‡æœ¬çš„ï¼Œä¸æ•¢è¬›ï¼Œæ”¯æŒè€…ç›´æ¥å¿½ç•¥ï¼Œä¸é¡˜è¬›ï¼Œå¾Œæ‚”è€…æ€•ä¸Ÿè‡‰ï¼Œä¸æƒ³è¬›ï¼Œè³ªç–‘è€…èªªå°è²ï¼Œæ²’äººè½ï¼Œèªªå¤§è²ï¼Œè¢«éœ¸å‡Œã€‚å°±é€™æ¨£ã€‚","They can't hear ah / / Okay there is no god in this world: reply to listen to Qingshan: Hong Kong people let the pan-people win, and then? The Taiwanese let the Green Camp win, and then the Green Camp won? The former was costly, the latter young people out of the island, but no one can speak loudly, but also heard. The media is capital, dare not speak, supporters directly ignore, do not want to speak, regret people afraid of shame, do not want to speak, doubters say whisper, no one listens, say loud, being bullied. That's it."
"4467337157644109","6389419854","6389419854","6389419854","Sun Feb 02 01:54:00 +0800 2020","Sun Feb 02 01:54:00 +0800 2020","è´ªç”Ÿæ€•æ­»ï¼ä¸ºäº†é€ƒé¿ç…§é¡¾æ–°å‹å† çŠ¶ç—…æ¯’è‚ºç‚æ‚£è€…ï¼Œå¤šåä¼Šä¸½èç™½åŒ»é™¢æŠ¤å£«è¾èŒã€‚ â€‹â€‹â€‹â€‹#22å²æ„ŸæŸ“ç§‘æŠ¤å£«çš„æ‰‹##ä½ ä¼šå»æŠ¢åŒé»„è¿å—# â€‹","Greedy for fear of death! Several Nurses at the Queen Elizabeth Hospital have resigned to escape care for patients with the new coronavirus pneumonia. #22å²æ„ŸæŸ“ç§‘æŠ¤å£«çš„æ‰‹ s.#ä½ ä¼šå»æŠ¢åŒé»„è¿å—."
"4467336574181559","1861477054","1861477054","1861477054","Sun Feb 02 01:51:41 +0800 2020","Sun Feb 02 01:51:41 +0800 2020","å¥³ä¸»æŒé‡‡è®¿é’Ÿå—å±±ï¼Œä¸æˆ´å£ç½©å…¨ç¨‹å°¬ç¬‘æ‘†é€ å‹ï¼Œè¢«æ‰¹æ²¡èŒä¸šç´ å…»ã€‚ã€‚ã€‚#æ­¦æ±‰çº¢åå­—ä¼šä¿å®‰æ‹¦å¤®è§†è®°è€…##é»„å†ˆå¤„ç†å¤„åˆ†å…šå‘˜å¹²éƒ¨337äºº# â€‹","Female host interview Zhong Nanshan, do not wear a mask the whole way the smile swing, was approved no professional quality... #æ­¦æ±‰çº¢åå­—ä¼šä¿å®‰æ‹¦å¤®è§†è®°è€… s.#é»„å†ˆå¤„ç†å¤„åˆ†å…šå‘˜å¹²éƒ¨337äºº."
"4467336477939057","2708476577","2708476577","2708476577","Sun Feb 02 01:51:18 +0800 2020","Sun Feb 02 01:51:18 +0800 2020","æ¹–å—å¨„åº•ï¼Œ2æœˆ1å·23ç‚¹èµ·ï¼Œæ‘ä¸æ‘ä¹‹é—´éš”æ–­ï¼Œæˆ·ä¸æˆ·ä¹‹é—´éš”æ–­ã€‚
æŒ‰é’Ÿé™¢å£«çš„è¯æ¥çœ‹ï¼Œä¸‹å‘¨æ˜¯æ¯”è¾ƒå…³é”®çš„ä¸€å‘¨äº†ã€‚ â€‹","Hunan Yandi, February 1st from 23 o'clock, the interval between the village and the village, the interval between the household and the household.\nIn the words of Mr. Chung, next week is a more crucial week."
"4467335878260237","5347537335","5347537335","5347537335","Sun Feb 02 01:48:55 